SDIC01,B2130000666P
SDIC02,B2030000148P
SDIC04,B2130000664P
SDMM01,B120012001268P
SDRP01,B120012001139P
SDSU01,B2030000104P
SDSU02,B2030000257P
SDSU03,B2130000665P
SDSU04,B2030000402P
SDSU05,B2030000397P
SDSU06,B2030000392P
SDSU07,B2030000391P
SDSU08,B2030000396P
SDSU09,B2030000403P
SDSU10,B2030000401P
SDSU11,B2030000394P
SDSU12,B2030000400P
SDSU13,B2030000393P
SDSU14,B2030000398P
SDSU16,B2030000390P
SDSU17,B2030000389P
SAM-SERVER,SAM-SERVER
SWUS,B2030000399P
ZAP,B2130000663P
ZAP,B2030000146P
SP1344,B120012000869P
SP1345,BSP1345P
SD0504,B120012000754P
SP0053,B2130001476P
SP0066,BSP0066P
LOGIN PC,Blogin_PCP_test
LOGOUT PC,B120012000993P
DGTE-167158,BDGTE-167158P
PC7528,BPC7528P
Disposed PC,B120012000974P
2 SAG,C2130000358P
SP0019,BSP0019P
SD0505,B120012000865P
SD0001,B120012000981P
SD0002,B120012001159P
SD0003,B120012000878P
SD0004,B120012000999P
SD0005,B120012001002P
SD0006,B120012001180P
SD0007,B120012001175P
SD0008,B2030000252P
SD0009,B120012001184P
SD0010,B120012001152P
SD0011,B120012001177P
SD0012,B120012001001P
SD0013,B2030000238P
SD0014,B120012000980P
SD0015,B120012000979P
SD0016,B120012001172P
SD0017,B2030000253P
SD0018,B120012001005P
SD0019,B120012001265P
SD0020,B120012001279P
SD0021,B120012001278P
SD0022,B16001100205P
SD0023,B16001100184P
SD0024,B16001100125P
SD0025,B16001100192P
SD0026,B16001100032P
SD0027,B16001100140P
SD0028,B16001100228P
SD0029,B16001100154P
SD0030,B16001100138P
SD0031,B120012001276P
SD0032,B120012001251P
SD0033,B16001100241P
SD0034,B16001100213P
SD0035,B16001100137P
SD0036,B16001100227P
SD0037,B120012001193P
SD0038,B16001100214P
SD0039,B16001100129P
SD0040,B16001100130P
SD0041,B120012001080P
SD0042,B120012001245P
SD0043,B120012001281P
SD0044,B120012001256P
SD0045,B16001100051P
SD0046,B120012001209P
SD0047,B2030000101P
SD0048,B120012001246P
SD0049,B2030000246P
SD0050,B16001100095P
SD0051,B16001100014P
SD0052,B120012001249P
SD0053,B120012001266P
SD0054,B120012001253P
SD0055,B120012001250P
SD0056,B120012001244P
SD0057,BSD0057P
SD0058,BSD0058P
SD0059,B120012001248P
SD0060,B120012001070P
SD0061,B120012001204P
SD0062,B120012001262P
SD0063,B120012001153P
SD0064,B120012001151P
SD0065,B120012001127P
SD0066,B120012001073P
SD0067,B120012001071P
SD0068,B120012001270P
SD0069,B16001100056P
SD0070,B2030000102P
SD0071,B120012000852P
SD0072,B120012001208P
SD0073,B120012001254P
SD0074,BSD0074P
SD0075,B120012001008P
SD0076,B16001100167P
SD0077,B16001100229P
SD0078,B120012000908P
SD0079,BSD0079P
SD0080,B120012001178P
SD0081,B120012001211P
SD0082,B120012001124P
SD0083,B120012001074P
SD0084,B120012001259P
SD0085,BSD0085P
SD0086,B120012001215P
SD0087,B120012001277P
SD0088,B120012001164P
SD0089,B120012001240P
SD0090,B120012001154P
SD0091,B120012001169P
SD0092,B120012001181P
SD0093,B120012001072P
SD0094,B120012001176P
SD0095,B120012001199P
SD0096,B16001100186P
SD0097,B16001100220P
SD0098,B16001100168P
SD0099,B16001100225P
SD0100,B120012000982P
SD0101,B16001100259P
SD0102,B16001100209P
SD0103,B16001100065P
SD0104,B16001100010P
SD0105,B16001100199P
SD0106,B16001100200P
SD0107,B16001100226P
SD0108,B16001100250P
SD0109,B16001100188P
SD0110,B120012001157P
SD0111,B16001100018P
SD0112,B16001100206P
SD0113,B16001100058P
SD0114,B16001100238P
SD0115,B16001100201P
SD0116,B16001100231P
SD0117,B120012001274P
SD0118,B16001100203P
SD0119,B16001100211P
SD0120,B16001100232P
SD0121,B16001100068P
SD0122,B16001100143P
SD0123,B16001100131P
SD0124,B120012001128P
SD0125,B16001100230P
SD0126,B16001100164P
SD0127,B120012001255P
SD0128,B16001100055P
SD0129,B16001100239P
SD0130,B120012000996P
SD0131,B16001100155P
SD0132,B120012001148P
SD0133,B120012001188P
SD0134,B16001100033P
SD0135,B16001100145P
SD0136,B16001100194P
SD0137,B16001100240P
SD0138,B16001100053P
SD0139,B120012001161P
SD0140,B120012001258P
SD0326,B120012001207P
SD0142,B120012001247P
SD0143,B120012001170P
SD0144,B120012001198P
SD0145,B120012001173P
SD0146,B120012001257P
SD0147,B120012000958P
SD0148,B120012001189P
SD0149,BSD0149P
SD0150,B2030000240P
SD0151,B2030000244P
SD0152,B120012001267P
SD0153,B120012001242P
SD0154,B120012001269P
SD0155,B120012001003P
SD0156,B120012001138P
SD0157,B120012001195P
SD0158,B120012001183P
SD0159,B120012001158P
SD0160,B2030000241P
SD0161,B120012000997P
SD0162,B120012000960P
SD0163,B2030000105P
SD0164,B2030000106P
SD0165,B2030000242P
SD0166,B120012001004P
SD0167,B120012001007P
SD0168,B120012000919P
SD0169,B2030000243P
SD0170,B120012001000P
SD0171,B120012001002P
SD0172,B2030000248P
SD0173,B16001100208P
SD0174,B16001100017P
SD0175,B16001100190P
SD0176,B16001100144P
SD0177,B120012000998P
SD0178,B120012000995P
SD0179,B120012001203P
SD0180,B16001100193P
SD0181,B16001100128P
SD0182,B16001100035P
SD0183,B120012000910P
SD0184,B120012000992P
SD0185,B120012000978P
SD0186,BSD0186P
SD0187,B120012001187P
SD0188,B16001100054P
SD0189,B16001100151P
SD0190,B16001100097P
SD0191,B16001100049P
SD0192,B120012000974P
SD0193,B120012000973P
SD0194,BSD0194P
SD0195,B120012000967P
SD0196,B120012000966P
SD0197,B1103524_0P
SD0198,B120012000965P
SD0199,B120012000964P
SD0200,B120012000963P
SD0201,B120012000962P
SD0202,B120012000961P
SD0203,BSP0087/1103489P
SD0204,B120012001166P
SD0205,B16001100141P
SD0206,B120012000959P
SD0207,B120012001206P
SD0208,B16001100255P
SD0209,B16001100191P
SD0210,B16001100183P
SD0211,B16001100034P
SD0212,B16001100150P
SD0213,B16001100066P
SD0214,B16001100196P
SD0215,B120012001243P
SD0216,B120012001264P
SD0217,B120012000927P
SD0218,B16001100132P
SD0219,B120012000676P
SD0220,B16001100063P
SD0221,B16001100237P
SD0222,B16001100136P
SD0223,B16001100135P
SD0224,B1103431P
SD0225,B16001100207P
SD0226,B120012001174P
SD0227,B120012001168P
SD0228,B16001100218P
SD0229,B120012001212P
SD0230,B120012001202P
SD0231,B120012001182P
SD0232,B120012001126P
SD0233,B120012001210P
SD0234,B120012001077P
SD0235,B120012001076P
SD0236,B120012001241P
SD0237,B120012001280P
SD0238,B120012001190P
SD0239,B120012001083P
SD0240,B120012001167P
SD0241,B120012001192P
SD0242,B120012001075P
SD0243,B120012001082P
SD0244,B120012001081P
SD0245,B120012001213P
SD0246,B120012001185P
SD0247,B120012000926P
SD0248,B120012001275P
SD0249,B120012001272P
SD0250,B120012001191P
SD0251,B16001100197P
SD0252,B2130000127P
SD0253,B16001100198P
SD0254,B120012001006P
SD0255,B120012001194P
SD0256,B120012001252P
SD0257,B120012001200P
SD0258,B120012001273P
SD0259,B120012001150P
SD0260,B120012001078P
SD0261,B120012001197P
SD0262,B120012001156P
SD0263,B120012001125P
SD0264,B120012001163P
SD0265,B120012001162P
SD0266,B120012001160P
SD0267,B120012001171P
SD0268,B120012001149P
SD0269,B120012001146P
SD0270,B120012001271P
SD0271,B120012001147P
SD0272,B120012001186P
SD0273,B120012001179P
SD0274,B120012001263P
SD0275,B120012001145P
SD0276,B16001100224P
SD0277,B120012000746P
SD0278,B16001100064P
SD0279,B16001100245P
SD0280,B16001100235P
SD0281,B16001100195P
SD0282,B16001100104P
SD0283,B16001100252P
SD0284,B16001100153P
SD0285,BSP0187P
SD0286,B16001100100P
SD0287,B120012001214P
SD0288,B120012001205P
SD0289,B120012000924P
SD0290,B120012001196P
SD0291,B120012001155P
SD0292,BSD0292P
SD0293,B120012000925P
SD0294,B120012000922P
SD0295,B120012000921P
SD0296,B120012000969P
SD0297,B120012000957P
SD0298,B120012000912P
SD0299,B120012000994P
SD0300,B120012000920P
SD0301,B120012000975P
SD0302,B120012000918P
SD0303,B120012000917P
SD0304,B120012000970P
SD0305,B120012000916P
SD0306,B120012000976P
SD0307,BSD0307P
SD0308,B120012001224P
SD0309,B120012001223P
SD0310,B120012001225P
SD0311,B120012001226P
SD0312,B120012001227P
SD0313,BSD0313P
SD0314,BSD0314P
SD0315,B120012000914P
SD0316,B2030000103P
SD0317,B16001100253P
SD0318,B16001100243P
SD0319,B16001100098P
SD0320,BSD0320P
SD0321,B16001100185P
SD0322,B16001100103P
SD0323,B16001100134P
SD0324,B16001100202P
SD0325,B16001100260P
SD0326,B16001100057P
SD0327,B16001100052P
SD0328,B16001100050P
SD0329,B16001100124P
SD0330,B16001100163P
SD0331,B16001100067P
SD0332,B16001100013P
SD0333,B16001100222P
SD0334,B16001100236P
SD0335,B16001100152P
SD0336,B16001100173P
SD0337,B16001100234P
SD0338,B2030000247P
SD0339,B120012001165P
SD0340,B120012000915P
SD0341,B120012000841P
SD0342,B120012000515P
SD0343,BSD0343P
SD0344,BSD0344P
SD0345,B1102851P
SD0346,BSD0346P
SD0347,B1102768P
SD0348,BSD0348P
SD0349,B1103630P
SD0350,BSD0350P
SD0351,B120012000480P
SD0352,B1102360P
SD0353,B1103631P
SD0354,B120012001040P
SD0355,B120012001011P
SD0356,BSD0356P
SD0357,BSD0357P
SD0358,BSD0358P
SD0359,B120012000913P
SD0360,B2130001316P
SD0361,B2130001317P
SD0362,B2130001314P
SD0363,B2130001313P
SD0364,B2130001315P
SD0365,C120012000718P
SD0366,B2130001325P
SD0367,B2130001326P
SD0368,B2130001327P
SD0369,B2130001328P
SD0370,B2130001329P
SD0371,B2130001387P
SD0372,B2130001388P
SD0373,B2130001389P
SD0374,B2130001390P
SD0375,C10001103813P
SD0376,B2130001403P
SD0377,B2130001404P
SD0378,B2130001405P
SD0379,B2130001406P
SD0380,B2030000149P
SD0381,B2130001426P
SD0382,B2130001427P
SD0383,B2130001428P
SD0384,B2130001429P
SD0385,B2130001430P
SD0386,B2130001431P
SD0387,B2130001432P
SD0388,B2130001433P
SD0389,B2130001449P
SD0390,B2130001461P
SD0391,B2130001451P
SD0392,B2130001452P
SD0393,B2130001453P
SD0394,B2130001454P
SD0395,B2130001455P
SD0396,B2130001456P
SD0397,B2130001457P
SD0398,B2130001458P
SD0399,B2130001459P
SD0400,B2130001460P
SD0401,B2130001450P
SD0402,B2130001462P
SD0403,BSP1099P
SD0404,B120012001491P
SD0405,BSP1370P
SD0406,B120012000491P
SD0407,BSD0407P
SD0408,B120012001234P
SD0409,BGPC000000265P
SD0410,BGPC000000266P
SD0411,BGPC000000267P
SD0412,BGPC000000268P
SD0413,BGPC000000269P
SD0414,BGPC000000270P
SD0415,BGPC000000271P
SD0416,BGPC000000272P
SD0417,BGPC000000285P
SD0418,CGPC000000278P
SD0419,B2130001414P
SD0420,BGPC000000413P
SD0421,BGPC000000414P
SD0422,BGPC000000415P
SD0423,BGPC000000416P
SD0424,BGPC000000417P
SD0425,BGPC000000418P
SD0426,BGPC000000451P
SD0427,BGPC000000452P
SD0428,BGPC000000453P
SD0429,BGPC000000454P
SD0430,BGPC000000455P
SD0431,BGPC000000458P
SD0432,BGPC000000567P
SD0433,BGPC000000568P
SD0434,BGPC000000569P
SD0435,BGPC000000570P
SD0436,BGPC000000571P
SD0437,BGPC000000572P
SD0438,BGPC000000573P
SD0439,BGPC000000574P
SD0440,BGPC000000575P
SD0441,BGPC000000576P
SD0442,BGPC000000577P
SD0443,BGPC000000578P
SD0444,BGPC000000579P
SD0445,BGPC000000580P
SD0446,BGPC000000581P
SD0447,BGPC000000582P
SD0448,BGPC000000583P
SD0449,BGPC000000584P
SD0450,BGPC000000585P
SD0451,BGPC000000586P
SD0452,BGPC000000587P
SD0453,BGPC000000588P
SD0454,BGPC000000589P
SD0455,BGPC000000590P
SD0456,BGPC000000591P
SD0457,BGPC000000592P
SD0458,BGPC000000593P
SD0459,BGPC000000594P
SD0460,BGPC000000595P
SD0461,BGPC000000596P
SD0462,BGPC000000597P
SD0463,BGPC000000598P
SD0464,BGPC000000599P
SD0465,BGPC000000600P
SD0466,BGPC000000601P
SD0467,BGPC000000602P
SD0468,BGPC000000603P
SD0469,BGPC000000604P
SD0470,BGPC000000605P
SD0471,BGPC000000606P
SD0472,BGPC000000607P
SD0473,BGPC000000608P
SD0474,BGPC000000609P
SD0475,BGPC000000610P
SD0476,BGPC000000611P
SD0477,BGPC000000612P
SD0478,BGPC000000702P
SD0479,BGPC000000643P
SD0480,BGPC000000644P
SD0481,BGPC000000645P
SD0482,BGPC000000646P
SD0483,BGPC000000614P
SD0484,BGPC000000615P
SD0485,BGPC000000616P
SD0486,BGPC000000617P
SD0487,BGPC000000618P
SD0488,BGPC000000619P
SD0489,BGPC000000710P
SD0490,BGPC000000704P
SD0491,BGPC000012536P
SD0492,BGPC000000768P
SD0493,BGPC000000769P
SD0494,BGPC000000770P
SD0495,BGPC000000771P
SD0496,BGPC000000457P
SD0497,B120012001236P
SD0498,BGPC000000829P
SD0499,BGPC000000830P
SD0500,BGPC000000831P
SD0501,BGPC000000658P
SD0502,B2130001242P
SD0503,na
SD0506,BGPC000000500P
SD0508,BGPC000016165P
SD0509,BGPC000016166P
SD0510,BGPC000016167P
SD0507,BGPC000016074P
SD0511,BGPC000016168P
SD0512,BGPC000016169P
SD0513,BGPC000016099P
SD0514,BGPC000016100P
SD0515,BGPC000016101P
SD0516,BGPC000016102P
SD0517,BGPC000016103P
SD0518,BGPC000016104P
SD0519,BGPC000016105P
SD0521,BGPC000016290P
SD0520,BGPC000016106P
SD0522,BGPC000016323P
SD0523,BGPC000016324P
SD0524,BGPC000016325P
SD0525,BGPC000016326P
SD0526,BGPC000016327P
SD0527,BGPC000016328P
SD0528,BGPC000016329P
SD0529,BGPC000016330P
SD0530,BGPC000016331P
SD0531,BGPC000016332P
SD0532,BGPC000016333P
SD0533,BGPC000016334P
SD0534,BGPC000016335P
SD0535,BGPC000016336P
SD0536,BGPC000016337P
SD0537,BGPC000016338P
SD0538,BGPC000016339P
SD0539,BGPC000016340P
SD0540,BGPC000016341P
SD0541,BGPC000016342P
SD0542,BGPC000016343P
SD0543,BGPC000016344P
SD0544,BGPC000016345P
SD0545,BGPC000016346P
SD0546,BGPC000016347P
SD0547,BGPC000016348P
SD0548,BGPC000016349P
SD0549,BGPC000016350P
SD0550,BGPC000016351P
SD0551,BGPC000016352P
SD0552,BGPC000016353P
SD0553,BGPC000016354P
SD0554,BGPC000016355P
SD0555,BGPC000016356P
SD0556,BGPC000016357P
SD0557,BGPC000016358P
SD0558,BGPC000016359P
SD0559,BGPC000016360P
SD0560,BGPC000016361P
SD0561,BGPC000016362P
SD0562,BGPC000016363P
SD0563,BGPC000016364P
SD0564,BGPC000016365P
SD0565,BGPC000016366P
SD0566,BGPC000016367P
SD0567,BGPC000016368P
SD0568,BGPC000016369P
SD0569,BGPC000016370P
SD0570,BGPC000016371P
SD0571,BGPC000016372P
SD0572,BGPC000016406P
SD0573,BGPC000016215P
SD0574,BGPC000017386P
SD0575,BGPC000017387P
SD0576,BGPC000017388P
SD0577,BGPC000017389P
SD0578,BGPC000017390P
SD0579,BGPC000017391P
SD0580,BGPC000017392P
SD0581,BGPC000018248P
SD0582,BGPC000018284P
SD0583,BGPC000018294P
SD0584,BGPC000018313P
SD0585,BGPC000018289P
SD0586,BGPC000018328P
SD0587,BGPC000018329P
SD0588,BGPC000018330P
SD0589,BGPC000018331P
SD0590,BGPC000018332P
SD0591,BGPC000018333P
SD0592,BGPC000018334P
SD0593,BGPC000018335P
SD0594,BGPC000018336P
SD0595,BGPC000018337P
SD0596,BGPC000018338P
SD0597,BGPC000018339P
SD0598,BGPC000018340P
SD0599,BGPC000018341P
SD0600,BGPC000018342P
SD0601,BGPC000018343P
SD0602,BGPC000018344P
SD0603,BGPC000018345P
SD0604,BGPC000018346P
SD0605,BGPC000018347P
SD0606,BGPC000018348P
SD0607,BGPC000018349P
SD0608,BGPC000018350P
SD0609,BGPC000018351P
SD0610,BGPC000018352P
SD0611,BGPC000018353P
SD0612,BGPC000018354P
SD0613,BGPC000018355P
SD0614,BGPC000018924P
SD0615,BGPC000018925P
SD0616,BGPC000018926P
SD0617,BGPC000018927P
SD0618,BGPC000018928P
SD0619,BGPC000018929P
SD0620,BGPC000018930P
SD0621,BGPC000018931P
SD0622,BGPC000018932P
SD0623,BGPC000018933P
SD0624,BGPC000018934P
SD0625,BGPC000018935P
SD0626,BGPC000018583P
SD0627,BGPC000018584P
SD0628,BGPC000018585P
SD0629,BGPC000018586P
SD0630,BGPC000018587P
SD0631,BGPC000018588P
SD0632,BGPC000018589P
SD0633,BGPC000018590P
SD0634,BGPC000018591P
SD0635,BGPC000018592P
SD0636,BGPC000018593P
SD0637,BGPC000018594P
SD0638,BGPC000018595P
SD0639,BGPC000018561P
SD0640,BGPC000018576P
SD0641,CTEO000000123P
SD0642,CTEO000000102P
SD0643,BGPC000019181P
SD0644,BGPC000019182P
SD0645,BGPC000019183P
SD0646,BGPC000019184P
SD0647,BGPC000019185P
SD0648,BGPC000019186P
SD0649,BGPC000019187P
SD0650,BGPC000019188P
SD0651,BGPC000019189P
SD0652,BGPC000019190P
SD0653,BGPC000019191P
SD0654,BGPC000019192P
SD0655,BGPC000019193P
SD0656,BGPC000019508P
SD0657,BGPC000019501P
SD0658,BGPC000019502P
SD0659,BGPC000019630P
SD0660,BGPC000019631P
SD0661,BGPC000019632P
SD0662,BGPC000019633P
SD0663,BGPC000019634P
SD0664,BGPC000019775P
SD0665,BGPC000019776P
SD0666,BGPC000019797P
SD0667,BGPC000019798P
SD0668,BGPC000019799P
SD0669,BGPC000019800P
SD0670,BGPC000019801P
SD0671,BGPC000019802P
SD0672,BGPC000019803P
SD0673,BGPC000019804P
SD0674,BGPC000019805P
SD0675,BGPC000019806P
SD0676,BGPC000019807P
SD0677,BGPC000019808P
SD0678,BGPC000019809P
SD0679,BGPC000019810P
SD0680,BGPC000019811P
SD0681,BGPC000019812P
SD0682,BGPC000019813P
SD0683,BGPC000019814P
SD0684,BGPC000019815P
SD0685,BGPC000019816P
SD0686,BGPC000019817P
SD0687,BGPC000019818P
SD0688,BGPC000019819P
SD0689,BGPC000019820P
SD0690,BGPC000019821P
SD0691,BGPC000019822P
SD0692,BGPC000019823P
SD0693,BGPC000019824P
SD0694,BGPC000019825P
SD0695,BGPC000019826P
SD0696,BGPC000019827P
SD0697,BGPC000019828P
SD0698,BGPC000019829P
SD0699,BGPC000019830P
SD0700,BGPC000019831P
SD0701,BGPC000019832P
SD0702,BGPC000019833P
SD0703,BGPC000019834P
SD0704,BGPC000019835P
SD0705,BGPC000019836P
SD0706,BGPC000019837P
SD0707,BGPC000019838P
SD0708,BGPC000019839P
SD0709,BGPC000019840P
SD0710,BGPC000019841P
SD0711,BGPC000019842P
SD0712,BGPC000019843P
SD0713,BGPC000019844P
SD0714,BGPC000019845P
SD0715,BGPC000019846P
SD0716,BGPC000019847P
SD0717,BGPC000019848P
SD0718,BGPC000019849P
SD0719,BGPC000019850P
SD0720,BGPC000019851P
SD0721,BGPC000019852P
SD0722,BGPC000019853P
SD0723,BGPC000019854P
SD0724,BGPC000019855P
SD0725,BGPC000019856P
SD0726,BGPC000019857P
SD0727,BGPC000019858P
SD0728,BGPC000019859P
SD0729,BGPC000019860P
SD0730,BGPC000019861P
SD0731,BGPC000019862P
SD0732,BGPC000019863P
SD0733,BGPC000019864P
SD0734,BGPC000019865P
SD0735,BGPC000019763P
SD0736,BGPC000019752P
SD0737,BGPC000019769P
SD0738,BGPC000019770P
SD0739,B2030000466P
SD0741,BGPC000020095P
SD0740,CTEO000000103P
SD0743,CGPC000000734P
SD0742,CTEO000000094P
SD0744,BGPC000019908P
SD0745,BGPC000019909P
SD0746,BGPC000019910P
SD0747,BGPC000019911P
SD0748,BGPC000019912P
SD0749,BGPC000019913P
SD0750,BGPC000019914P
SD0751,BGPC000019915P
SD0752,BGPC000019916P
SD0753,BGPC000019917P
SD1025,BGPC000021024P
SD0754,BGPC000019918P
SD0755,BGPC000019919P
SD0756,BGPC000019920P
SD0757,BGPC000019921P
SD0758,BGPC000019922P
SD0759,BGPC000019923P
SD0760,BGPC000019924P
SD0761,BGPC000019925P
SD0762,BGPC000019926P
SD0763,BGPC000019927P
SD0764,BGPC000019928P
SD0765,BGPC000019929P
SD0766,BGPC000019930P
SD0767,BGPC000019931P
SD0768,BGPC000019932P
SD0769,BGPC000019933P
SD0770,BGPC000019934P
SD0771,BGPC000019935P
SD0772,BGPC000019936P
SD0773,BGPC000019937P
SD0774,BGPC000019938P
SD0775,BGPC000019939P
SD0776,BGPC000019940P
SD0777,BGPC000019941P
SD0778,BGPC000019942P
SD0779,BGPC000019943P
SD0780,BGPC000019944P
SD0781,BGPC000019945P
SD0782,BGPC000019946P
SD0783,BGPC000019947P
SD0784,BGPC000019948P
SD0785,BGPC000019949P
SD0786,BGPC000019950P
SD0787,BGPC000019951P
SD0788,BGPC000019952P
SD0789,BGPC000019953P
SD0790,BGPC000019954P
SD0791,BGPC000019955P
SD0792,BGPC000019956P
SD0793,BGPC000019957P
SD0794,BGPC000019958P
SD0795,BGPC000019959P
SD0796,BGPC000019960P
SD0797,BGPC000019961P
SD0798,BGPC000019962P
SD0799,BGPC000019963P
SD0800,BGPC000019964P
SD0801,BGPC000019965P
SD0802,BGPC000019966P
SD0803,BGPC000019967P
SD0804,BGPC000019968P
SD0805,BGPC000019969P
SD0806,BGPC000019970P
SD0807,BGPC000019971P
SD0808,BGPC000019972P
SD0809,BGPC000019973P
SD0810,BGPC000019974P
SD0811,BGPC000019975P
SD0812,BGPC000019976P
SD0813,BGPC000019977P
SD0814,BGPC000019978P
SD0815,BGPC000019979P
SD0816,BGPC000019980P
SD0817,BGPC000019981P
SD0818,BGPC000019982P
SD0819,BGPC000019983P
SD0820,BGPC000019984P
SD0821,BGPC000019985P
SD0822,BGPC000019986P
SD0823,BGPC000019987P
SD0824,BGPC000019988P
SD0825,BGPC000020410P
SD0826,BGPC000020411P
SD0827,BGPC000020412P
SD0828,BGPC000020413P
SD0829,BGPC000020414P
SD0830,BGPC000020415P
SD0831,BGPC000020416P
SD0832,BGPC000020417P
SD0833,BGPC000020418P
SD0834,BGPC000020419P
SD0835,BGPC000020420P
SD0836,BGPC000020421P
SD0837,BGPC000020422P
SD0838,BGPC000020423P
SD0839,BGPC000020424P
SD0840,BGPC000020425P
SD0841,BGPC000020426P
SD0842,BGPC000020427P
SD0843,BGPC000020428P
SD0844,BGPC000020429P
SD0845,BGPC000020430P
SD0846,BGPC000020431P
SD0847,BGPC000020432P
SD0848,BGPC000020433P
SD0849,BGPC000020434P
SD0850,BGPC000020435P
SD0851,BGPC000020436P
SD0852,BGPC000020437P
SD0853,BGPC000020438P
SD0854,BGPC000020439P
SD0855,BGPC000020440P
SD0856,BGPC000020441P
SD0857,BGPC000020442P
SD0858,BGPC000020443P
SD0859,BGPC000020444P
SD0860,BGPC000020445P
SD0861,BGPC000020446P
SD0862,BGPC000020447P
SD0863,BGPC000020448P
SD0864,BGPC000020449P
SD0865,BGPC000020450P
SD0866,BGPC000020451P
SD0867,BGPC000020452P
SD0868,BGPC000020453P
SD0869,BGPC000020454P
SD0870,BGPC000020455P
SD0871,BGPC000020456P
SD0872,BGPC000020457P
SD0873,BGPC000020458P
SD0874,BGPC000020459P
SD0875,BGPC000020460P
SD0876,BGPC000020461P
SD0877,BGPC000020462P
SD0878,BGPC000020463P
SD0879,BGPC000020464P
SD0880,BGPC000020465P
SD0881,BGPC000020466P
SD0882,BGPC000020467P
SD0883,BGPC000020468P
SD0884,BGPC000020469P
SD0885,BGPC000020470P
SD0886,BGPC000020471P
SD0887,BGPC000020472P
SD0888,BGPC000020473P
SD0889,BGPC000020474P
SD0890,BGPC000020475P
SD0891,BGPC000020476P
SD0892,BGPC000020477P
SD0893,BGPC000020478P
SD0894,BGPC000020479P
SD0895,BGPC000020480P
SD0896,BGPC000020481P
SD0897,BGPC000020482P
SD0898,BGPC000020483P
SD0899,BGPC000020484P
SD0900,BGPC000020485P
SD0901,BGPC000020486P
SD0902,BGPC000020487P
SD0903,BGPC000020488P
SD0904,BGPC000020489P
SD0905,BGPC000020490P
SD0906,BGPC000020491P
SD0907,BGPC000020492P
SD0908,BGPC000020493P
SD0909,BGPC000020494P
SD0910,BGPC000020495P
SD0911,BGPC000020496P
SD0912,BGPC000020497P
SD0913,BGPC000020498P
SD0914,BGPC000020499P
SD0915,BGPC000020500P
SD0916,BGPC000020501P
SD0917,BGPC000020502P
SD0918,BGPC000020503P
SD0919,BGPC000020504P
SD0920,BGPC000020505P
SD0921,BGPC000020506P
SD0922,BGPC000020507P
SD0923,BGPC000020508P
SD0924,BGPC000020509P
SD0925,BGPC000020510P
SD0926,BGPC000020511P
SD0927,BGPC000020512P
SD0928,BGPC000020513P
SD0929,BGPC000020514P
SD0930,BGPC000020515P
SD0931,BGPC000020516P
SD0932,BGPC000020517P
SD0933,BGPC000020518P
SD0934,BGPC000020519P
SD0935,BGPC000020520P
SD0936,BGPC000020521P
SD0937,BGPC000020522P
SD0938,BGPC000020523P
SD0939,BGPC000020524P
SD0940,BGPC000020525P
SD0941,BGPC000020526P
SD0942,BGPC000020527P
SD0943,BGPC000020528P
SD0944,BGPC000020529P
SD0945,BGPC000020530P
SD0946,BGPC000020531P
SD0947,BGPC000020532P
SD0948,BGPC000020533P
SD0949,BGPC000020534P
SD0950,BGPC000020535P
SD0951,BGPC000020536P
SD0952,BGPC000020537P
SD0953,BGPC000020538P
SD0954,BGPC000020539P
SD0955,BGPC000020540P
SD0956,BGPC000020541P
SD0957,BGPC000020542P
SD0958,BGPC000020543P
SD0959,BGPC000020544P
SD0960,BGPC000020545P
SD0961,BGPC000020546P
SD0962,BGPC000020547P
SD0963,BGPC000020548P
SD0964,BGPC000020549P
SD0965,BGPC000020550P
SD0966,BGPC000020551P
SD0967,BGPC000020552P
SD0968,BGPC000020553P
SD0969,BGPC000020554P
SD0970,BGPC000020555P
SD0971,BGPC000020556P
SD0972,BGPC000020557P
SD0973,BGPC000020558P
SD0974,BGPC000020559P
SD0975,BGPC000020560P
SD0976,BGPC000020561P
SD0977,BGPC000020562P
SD0978,BGPC000020563P
SD0979,BGPC000020564P
SD0980,BGPC000020565P
SD0981,BGPC000020566P
SD0982,BGPC000020567P
SD0983,BGPC000020568P
SD0984,BGPC000020569P
SD0985,BGPC000020570P
SD0986,BGPC000020571P
SD0987,BGPC000020572P
SD0988,BGPC000020573P
SD0989,BGPC000020574P
SD0990,BGPC000020575P
SD0991,BGPC000020576P
SD0992,BGPC000020577P
SD0993,BGPC000020578P
SD0994,BGPC000020579P
SD0995,BGPC000020580P
SD0996,BGPC000020581P
SD0997,BGPC000020582P
SD0998,BGPC000020583P
SD0999,BGPC000020584P
SD1000,BGPC000020585P
SD1001,BGPC000020586P
SD1002,BGPC000020587P
SD1003,BGPC000020588P
SD1004,BGPC000020589P
SD1005,BGPC000020590P
SD1006,BGPC000020591P
SD1007,BGPC000020592P
SD1008,BGPC000020593P
SD1009,BGPC000020594P
SD1010,BGPC000020595P
SD1011,BGPC000020596P
SD1012,BGPC000020597P
SD1013,BGPC000020598P
SD1014,BGPC000020599P
SD1015,BGPC000020600P
SD1016,BGPC000020601P
SD1017,BGPC000020602P
SD1018,BGPC000020603P
SD1019,BGPC000020604P
SD1020,BGPC000020605P
SD1021,BGPC000020606P
SD1022,BGPC000020607P
SD1023,BGPC000020608P
SD1024,BGPC000020609P
SD1026,CGPC000000855P
SD1027,BGPC000021343P
SD1028,CGPC000021433P
SD1029,BGPC000021524P
SD1030,BGPC000021525P
SD1031,BGPC000021526P
SD1032,BGPC000021527P
SD1036,BGPC000000930P
SD1035,CGPC000000885P
SD1037,CGPC000021153P
SD1033,CGPC000018579P
SD1034,ZAP
SD1038,BGPC000021584P
SD1039,BGPC000021585P
SD1040,BGPC000021586P
SD1041,BGPC000021587P
SD1042,BGPC000021588P
SD1043,BGPC000021589P
SD1044,BGPC000021590P
SD1045,BGPC000021591P
SD1046,BGPC000021592P
SD1047,BGPC000021593P
SD1048,BGPC000021594P
SD1049,BGPC000021595P
SD1050,BGPC000021596P
SD1051,BGPC000021597P
SD1052,BGPC000021598P
SD1053,BGPC000021599P
SD1054,BGPC000021600P
SD1055,BGPC000021601P
SD1056,BGPC000021602P
SD1057,BGPC000021603P
SD1058,BGPC000021604P
SD1059,BGPC000021605P
SD1060,BGPC000021606P
SD1061,BGPC000021607P
SD1062,BGPC000021608P
SD1063,BGPC000021609P
SD1064,BGPC000021610P
SD1065,BGPC000021611P
SD1066,BGPC000021612P
SD1067,BGPC000021613P
SD1068,BGPC000021614P
SD1069,BGPC000021615P
SD1070,BGPC000021616P
SD1071,BGPC000021617P
SD1072,BGPC000021618P
SD1073,BGPC000021619P
SD1074,BGPC000021620P
SD1075,BGPC000021621P
SD1076,BGPC000021622P
SD1077,BGPC000021623P
SD1078,BGPC000021624P
SD1079,BGPC000021625P
SD1080,BGPC000021626P
SD1081,BGPC000021627P
SD1082,BGPC000021628P
SD1083,BGPC000021629P
SD1084,BGPC000021630P
SD1085,BGPC000021631P
SD1086,BGPC000021632P
SD1087,BGPC000021633P
SD1088,BGPC000021634P
SD1089,BGPC000021635P
SD1090,BGPC000021636P
SD1091,BGPC000021637P
SD1092,BGPC000021638P
SD1093,BGPC000021639P
SD1094,BGPC000021640P
SD1095,BGPC000021641P
SD1096,BGPC000021642P
SD1097,BGPC000021643P
SD1098,BGPC000021644P
SD1099,BGPC000021645P
SD1100,BGPC000021646P
SD1101,BGPC000021647P
SD1102,BGPC000021648P
SD1103,BGPC000021649P
SD1104,BGPC000021650P
SD1105,BGPC000021651P
SD1106,BGPC000021652P
SD1107,BGPC000021653P
SD1108,BGPC000021654P
SD1109,BGPC000021655P
SD1110,BGPC000021656P
SD1111,BGPC000021657P
SD1112,BGPC000021658P
SD1113,BGPC000021659P
SD1114,BGPC000021660P
SD1115,BGPC000021661P
SD1116,BGPC000021662P
SD1117,BGPC000021663P
SD1118,BGPC000021866P
SD1119,BGPC000021867P
SD1120,BGPC000021868P
SD1121,BGPC000021869P
SD1122,BGPC000021870P
SD1123,BGPC000021877P
SD1124,BGPC000021878P
SD1125,BGPC000021879P
SD1126,BGPC000021880P
SD1127,BGPC000021881P
SD1128,BGPC000021882P
SD1129,BGPC000021883P
SD1130,BGPC000021884P
SD1131,BGPC000021885P
SD1132,BGPC000021886P
SD1133,BGPC000021828P
SD1134,BGPC000021829P
SD1135,BGPC000021830P
SD1136,BGPC000021831P
SD1137,BGPC000021832P
SD1138,BGPC000021833P
SD1139,BGPC000021834P
SD1140,BGPC000021835P
SD1141,BGPC000021836P
SD1142,BGPC000021837P
SD1143,BGPC000021838P
SD1144,BGPC000021839P
SD1145,BGPC000021840P
SD1146,BGPC000021841P
SD1147,BGPC000021842P
SD1148,BGPC000021843P
SD1149,BGPC000021844P
SD1150,BGPC000021845P
SD1151,BGPC000021846P
SD1152,BGPC000021847P
SD1153,BGPC000021848P
SD1154,BGPC000021849P
SD1155,BGPC000021850P
SD1156,BGPC000021851P
SD1157,BGPC000021852P
SD1158,BGPC000021853P
SD1159,BGPC000021854P
SD1160,BGPC000018938P
SD1161,BGPC000021860P
SD1162,CGPC00005722P
SD1163,BGPC000022050P
SD1164,BGPC000022051P
SD1165,BGPC000022072P
SD1166,BGPC000022073P
SD1167,CGPC000022145P
SD1168,CGPC000016089P
SD1169,BGPC000022068P
SD1170,BGPC000022320P
SD1171,BGPC000022321P
SD1172,BGPC000022322P
SD1173,BGPC000022323P
SD1174,BGPC000022148P
SD1175,BGPC000022149P
SD1176,BGPC000022150P
SD1177,BGPC000022151P
SD1178,BGPC000022152P
SD1179,BGPC000022153P
SD1180,BGPC000022154P
SD1181,BGPC000022155P
SD1182,BGPC000022156P
SD1183,BGPC000022157P
SD1184,BGPC000022158P
SD1185,BGPC000022159P
SD1186,BGPC000022160P
SD1187,BGPC000022161P
SD1188,BGPC000022162P
SD1189,BGPC000022163P
SD1190,BGPC000022164P
SD1191,BGPC000022165P
SD1192,BGPC000022166P
SD1193,BGPC000022167P
SD1194,BGPC000022168P
SD1195,BGPC000022169P
SD1196,BGPC000022170P
SD1197,BGPC000022171P
SD1198,BGPC000022172P
SD1199,BGPC000022173P
SD1200,BGPC000022174P
SD1201,BGPC000022175P
SD1202,BGPC000022176P
SD1203,BGPC000022177P
SD1204,BGPC000022178P
SD1205,BGPC000022179P
SD1206,BGPC000022180P
SD1207,BGPC000022181P
SD1208,BGPC000022182P
SD1209,BGPC000022183P
SD1210,BGPC000022184P
SD1211,BGPC000022185P
SD1212,BGPC000022186P
SD1213,BGPC000022187P
SD1214,BGPC000022188P
SD1215,BGPC000022189P
SD1216,BGPC000022190P
SD1217,BGPC000022191P
SD1218,BGPC000022192P
SD1219,BGPC000022193P
SD1220,BGPC000022194P
SD1221,BGPC000022195P
SD1222,BGPC000022196P
SD1223,BGPC000022197P
SD1224,BGPC000022198P
SD1225,BGPC000022199P
SD1226,BGPC000022200P
SD1227,BGPC000022201P
SD1228,BGPC000022202P
SD1229,BGPC000021376P
SD1230,BGPC000021375P
SD1231,BGPC000021374P
SD1232,BGPC000021372P
SD1233,BGPC000021371P
SD1234,BGPC000021373P
SD1235,BGPC000021369P
SD1236,BGPC000022455P
SD1237,BGPC000022456P
SD1238,BGPC000022457P
SD1239,BGPC000022458P
SD1240,BGPC000014258P
SD1241,BGPC000014679P
SD1242,BGPC000014417P
SD1243,B213001072P
SD1244,B120012000685P
SD1245,B120012000720P
SD1246,BGPC000022578P
SD1247,BGPC000022579P
SD1248,BGPC000022580P
SD1249,BGPC000022581P
SD1250,BGPC000022582P
SD1251,BGPC000022583P
SD1252,BGPC000022584P
SD1253,CGPC000021150P
SD1254,CGPC000022109P
SD1255,BGPC000022669P
SD1256,BGPC000022670P
SD1257,BGPC000022671P
SD1258,BGPC000022672P
SD1259,BGPC000022673P
SD1260,BGPC000022674P
SD1261,BGPC000022675P
SD1262,BGPC000022676P
SD1263,BGPC000022677P
SD1264,BGPC000022678P
SD1265,BGPC000022679P
SD1266,BGPC000022680P
SD1267,BGPC000022681P
SD1268,BGPC000022682P
SD1269,BGPC000022683P
SD1270,BGPC000022684P
SD1271,BGPC000022685P
SD1272,BGPC000022686P
SD1273,BGPC000022687P
SD1274,BGPC000022688P
SD1275,BGPC000022689P
SD1276,BGPC000022690P
SD1277,BGPC000022691P
SD1278,BGPC000022692P
SD1279,BGPC000022693P
SD1280,BGPC000022694P
SD1281,BGPC000022695P
SD1282,BGPC000022696P
SD1283,BGPC000022697P
SD1284,BGPC000022698P
SD1285,BGPC000022699P
SD1286,BGPC000022700P
SD1287,BGPC000022701P
SD1288,BGPC000022702P
SD1289,BGPC000022703P
SD1290,BGPC000022704P
SD1291,BGPC000022705P
SD1292,BGPC000022706P
SD1293,BGPC000022707P
SD1294,BGPC000022708P
SD1295,BGPC000022709P
SD1296,BGPC000022710P
SD1297,BGPC000022711P
SD1298,BGPC000022712P
SD1299,BGPC000022713P
SD1300,BGPC000022714P
SD1301,BGPC000022715P
SD1302,CGPC000022716P
SD1303,CGPC000022548P
SD1304,BGPC000016608P
SD1305,BGPC000016619P
SD1306,BGPC000022771P
SD1307,BGPC000022772P
SD1308,BGPC000022773P
SD1309,Cgpc000000513P
SD1311,BGPC000000765P
SD1312,B2230000179P
SD1313,B2130001377P
SD1314,BGPC000000757P
SD1310,CGPC000000486P
SD1315,BGPC000016617P
SD1316,BGPC000016618P
SD1317,BGPC000016611P
SD1318,BGPC000016622P
SD1319,BGPC000016620P
SD1320,CGPC000023084P
SD1321,BGPC000023034P
SD1322,BGPC000023035P
SD1323,BGPC000023038P
SD1324,BGPC000023039P
SD1325,BGPC000023040P
SD1326,BGPC000023041P
SD1327,BGPC000023042P
SD1328,BGPC000023043P
SD1329,BGPC000023044P
SD1330,BGPC000023052P
SD1331,BGPC000023053P
SD1332,BGPC000023054P
SD1333,BGPC000023070P
SD1334,BGPC000023071P
SD1335,BGPC000023072P
SD1336,BGPC000023073P
SD1337,CGPC000000790P
SD1338,B120000001528P
SD1339,B2130001302P
SD1340,B2130000627P
SD1341,B2130001078P
SD1342,B2130000408P
SD1343,B2130001353P
SD1344,B2130000592P
SD1347,BGPC000023295P
SD1348,CGPC000023347P
SD1349,BGPC000023362P
SD1350,BGPC000023363P
SD1351,BGPC000023364P
SD1352,BGPC000023365P
SD1353,BGPC000023392P
SD1354,BGPC000023393P
SD1355,BGPC000023394P
SD1356,BGPC000023395P
SD1357,CGPC000012406P
SD1358,BGPC000023432P
SD1359,BGPC000023437P
SD1360,BGPC000023438P
SD1361,BGPC000023439P
SD1362,BGPC000023440P
SD1363,BGPC000023441P
SD1364,BGPC000023442P
SD1365,BGPC000023443P
SD1366,BGPC000023444P
SD1367,BGPC000023401P
SD1368,BGPC000023390P
SD1369,BGPC000023391P
SD1370,BGPC000023366P
SD1371,BGPC000023367P
SD1372,BGPC000023368P
SD1373,BGPC000023529P
SD1374,BGPC000023530P
SD1375,BGPC000023531P
SD1376,BGPC000023532P
SD1377,BGPC000023533P
SD1378,BGPC000023534P
SD1379,BGPC000023535P
SD1380,BGPC000023514P
SD1381,BGPC000023515P
SD1382,BGPC000023516P
SD1383,BGPC000023517P
SD1384,BGPC000023518P
SD1385,BGPC000023519P
SD1386,BGPC000023520P
SD1387,BGPC000023521P
SD1388,BGPC000023522P
SD1389,BGPC000023523P
SD1390,BGPC000023524P
SD1391,BGPC000023525P
SD1392,BGPC000023569P
SD1393,BGPC000023570P
SD1394,BGPC000023710P
SD1395,BGPC000023711P
SD1396,BGPC000023712P
SD1397,BGPC000023713P
SD1398,BGPC000023714P
SD1399,BGPC000023715P
SD1400,BGPC000023716P
SD1401,BGPC000023717P
SD1402,BGPC000023718P
SD1403,BGPC000023719P
SD1404,BGPC000023720P
SD1405,BGPC000023721P
SD1406,BGPC000023722P
SD1407,CGPC000023738P
SD1408,BGPC000023253P
SD1409,BGPC000023382P
SD1410,BGPC000023061P
SD1411,BGPC000023059P
SD1346,BGPC000000521P
SD1345,BGPC000016616P
SD1412,BGPC000023768P
SD1413,BGPC000023769P
SD1414,BGPC000023770P
SD1415,BGPC000023771P
SD1416,BGPC000023772P
SD1417,BGPC000023773P
SD1418,BGPC000023774P
SD1419,BGPC000023743P
SD1420,BGPC000023744P
SD1421,BGPC000023745P
SD1422,BGPC000023746P
SD1423,BGPC000023747P
SD1424,CGPC000023742P
SD1426,BGPC000023840P
SD1427,BGPC000023841P
SD1487,BGPC000024088P
SD1476,BGPC000024077P
SD1477,BGPC000024078P
SD1478,BGPC000024079P
SD1479,BGPC000024080P
SD1480,BGPC000024081P
SD1481,BGPC000024082P
SD1482,BGPC000024083P
SD1483,BGPC000024084P
SD1484,BGPC000024085P
SD1485,BGPC000024086P
SD1486,BGPC000024087P
SD1488,BGPC000024089P
SD1489,BGPC000024090P
SD1490,BGPC000024091P
SD1425,BGPC000023839P
SD1428,BGPC000023842P
SD1429,BGPC000023843P
SD1430,BGPC000023844P
SD1431,BGPC000023845P
SD1432,BGPC000023846P
SD1433,BGPC000023847P
SD1434,BGPC000023848P
SD1435,BGPC000023849P
SD1436,BGPC000023850P
SD1437,BGPC000023709P
SD1438,BGPC000023793P
SD1439,BGPC000023794P
SD1440,BGPC000023795P
SD1441,BGPC000023796P
SD1442,BGPC000023797P
SD1443,BGPC000023798P
SD1444,BGPC000023799P
SD1445,BGPC000023800P
SD1446,BGPC000023801P
SD1447,BGPC000023802P
SD1448,BGPC000023803P
SD1449,BGPC000023996P
SD1450,BGPC000023896P
SD1451,CGPC000023348P
SD1452,BGPC000024053P
SD1453,BGPC000024054P
SD1454,BGPC000024055P
SD1455,BGPC000024056P
SD1456,BGPC000024057P
SD1457,BGPC000024058P
SD1458,BGPC000024059P
SD1459,BGPC000024060P
SD1460,BGPC000024061P
SD1461,BGPC000024062P
SD1462,BGPC000024052P
SD1463,BGPC000023958P
SD1464,BGPC000023959P
SD1465,BGPC000023960P
SD1466,BGPC000023961P
SD1467,BGPC000023962P
SD1468,BGPC000023963P
SD1469,BGPC000023964P
SD1470,BGPC000023965P
SD1471,BGPC000023966P
SD1472,BGPC000023967P
SD1473,BGPC000023968P
SD1474,BGPC000023969P
SD1475,BGPC000023970P
SD1491,BGPC000024064P
SD1492,BGPC000024065P
SD1493,BGPC000024066P
SD1494,BGPC000024067P
SD1495,BGPC000024068P
SD1496,BGPC000024069P
SD1497,BGPC000023751P
SD1498,BGPC000021671P
SD1499,BGPC000023297P
SD1500,BGPC000023252P
SD1501,BGPC000023290P
SD1502,BGPC000023749P
SD1503,BGPC000023291P
SD1504,BGPC000018304P
SD1505,BGPC000023750P
SD1506,BGPC000023060P
SD1507,B21300011950P
SD1508,BGPC000000178P
SD1509,CGPC000024145P
SD1510,BGPC000016109P
SD1511,BGPC000023897P
SD1512,BGPC000023898P
SD1513,BGPC000023899P
SD1514,BGPC000023900P
SD1515,BGPC000023901P
SD1516,BGPC000023902P
SD1517,BGPC000023903P
SD1518,BGPC000023904P
SD1519,BGPC000023905P
SD1520,BGPC000023906P
SD1521,BGPC000024248P
SD1522,CGPC000024253P
SD1523,CGPC000024357P
SD1524,CGPC000024258P
SD1525,BGPC000024259P
SD1526,BGPC000024260P
SD1527,BGPC000024261P
SD1528,BGPC000024262P
SD1529,BGPC000024263P
SD1530,BGPC000024264P
SD1531,BGPC000024265P
SD1532,BGPC000024266P
SD1533,BGPC000024267P
SD1534,BGPC000024268P
SD1535,BGPC000024202P
SD1536,BGPC000024203P
SD1537,BGPC000024204P
SD1538,BGPC000024205P
SD1539,BIT14290005P
SD1540,BIT-14290006P
SD1541,BGPC000024208P
SD1542,BIT-14290008P
SD1543,BGPC000024210P
SD1544,BGPC000024211P
SD1545,BIT-14290011P
SD1546,BIT-14290012P
SD1547,BIT-14290013P
SD1548,BGPC000023803P
SD1549,BGPC000024196P
SD1550,BIT-14290016P
SD1551,BIT-14290017P
SD1552,BGPC000024199P
SD1553,BGPC000024200P
SD1554,BGPC000024201P
SD1555,BGPC000021202P
SD1556,BGPC000021940P
SD1557,BGPC000021941P
SD1558,BGPC000021204P
SD1563,BGPC000024388P
SD1564,BGPC000024389P
SD1594,BGPC000024315P
SD1595,BGPC000024316P
SD1596,BGPC000024317P
SD1597,BGPC000024318P
SD1598,BGPC000024319P
SD1707,BGPC000026070P
SD1696,BGPC000026050P
SD1559,BGPC000024505P
SD1560,BGPC000024506P
SD1561,BGPC000024507P
SD1633,BGPC000024509P
SD1634,BGPC000024510P
SD1635,BGPC000024511P
SD1636,BGPC000024512P
SD1637,BGPC000024513P
SD1638,BGPC000024514P
SD1639,BGPC000024515P
SD1640,BGPC000024516P
SD1641,BGPC000024517P
SD1642,BGPC000024518P
SD1643,BGPC000024519P
SD1644,BGPC000024520P
SD1645,BGPC000024521P
SD1646,BGPC000024522P
SD1647,BGPC000024523P
SD1648,BGPC000024524P
SD1649,BGPC000024525P
SD1650,BGPC000024526P
SD1651,BGPC000024527P
SD1652,BGPC000024528P
SD1653,BGPC000024529P
SD1654,BGPC000024530P
SD1655,BGPC000024531P
SD1562,BGPC000024508P
SD1738,TEO000000107
SD1656,BGPC000025984P
SD1657,BGPC000025985P
SD1658,BGPC000025986P
SD1659,BGPC000025987P
SD1660,BGPC000025988P
SD1661,BGPC000025989P
SD1662,BGPC000025990P
SD1663,BGPC000025991P
SD1664,BGPC000025992P
SD1665,BGPC000025993P
SD1666,BGPC000025994P
SD1667,BGPC000025995P
SD1668,BGPC000025996P
SD1669,BGPC000025997P
SD1670,BGPC000025998P
SD1671,BGPC000025999P
SD1672,BGPC000026000P
SD1708,BGPC000026031P
SD1709,BGPC000026032P
SD1710,BGPC000026033P
SD1711,BGPC000026034P
SD1712,BGPC000026035P
SD1713,BGPC000026036P
SD1714,BGPC000026037P
SD1715,BGPC000026038P
SD1716,BGPC000026039P
SD1717,BGPC000026040P
SD1718,BGPC000026041P
SD1719,BGPC000026042P
SD1720,BGPC000026043P
SD1721,BGPC000026044P
SD1567,BGPC000025924P 
SD1568,BGPC000025925P
SD1673,BGPC000025951P
SD1674,BGPC000025952P
SD1675,BGPC000025953P
SD1676,BGPC000025954P
SD1677,BGPC000025955P
SD1678,BGPC000025956P
SD1679,BGPC000025957P
SD1680,BGPC000025958P
SD1681,BGPC000025959P
SD1682,BGPC000025960P
SD1683,BGPC000025961P
SD1684,BGPC000025962P
SD1685,BGPC000025963P
SD1686,BGPC000025964P
SD1687,BGPC000025965P
SD1688,BGPC000025966P
SD1632,CGPC000024193P
SD1697,BGPC000026013P
SD1698,BGPC000026014P
SD1699,BGPC000026015P
SD1700,BGPC000026016P
SD1701,BGPC000026017P
SD1702,BGPC000026018P
SD1703,BGPC000026019P
SD1704,BGPC000026020P
SD1705,BGPC000026021P
SD1706,BGPC000026022P
SD1737,CGPC000026137P
SD1566,CGPC000024393P
SD1617,BGPC000024338P
SD1618,BGPC000024339P
SD1619,BGPC000024340P
SD1620,BGPC000024341P
SD1621,BGPC000024342P
SD1622,BGPC000024343P
SD1623,BGPC000024344P
SD1624,BGPC000024345P
SD1599,BGPC000024320P
SD1600,BGPC000024321P
SD1601,BGPC000024322P
SD1602,BGPC000024323P
SD1603,BGPC000024324P
SD1604,BGPC000024325P
SD1605,BGPC000024326P
SD1606,BGPC000024327P
SD1607,BGPC000024328P
SD1608,BGPC000024329P
SD1609,BGPC000024330P
SD1610,BGPC000024331P
SD1611,BGPC000024332P
SD1612,BGPC000024333P
SD1613,BGPC000024334P
SD1614,BGPC000024335P
SD1615,BGPC000024336P
SD1616,BGPC000024337P
SD1625,BGPC000024346P
SD1626,BGPC000024347P
SD1569,BGPC000024290P
SD1570,BGPC000024291P
SD1571,BGPC000024292P
SD1572,BGPC000024293P
SD1573,BGPC000024294P
SD1574,BGPC000024295P
SD1575,BGPC000024296P
SD1576,BGPC000024297P
SD1577,BGPC000024298P
SD1578,BGPC000024299P
SD1579,BGPC000024300P
SD1580,BGPC000024301P
SD1581,BGPC000024302P
SD1582,BGPC000024303P
SD1583,BGPC000024304P
SD1584,BGPC000024305P
SD1585,BGPC000024306P
SD1586,BGPC000024307P
SD1587,BGPC000024308P
SD1588,BGPC000024309P
SD1589,BGPC000024310P
SD1590,BGPC000024311P
SD1591,BGPC000024312P
SD1592,BGPC000024313P
SD1593,BGPC000024314P
SD1627,BGPC000024348P
SD1628,BGPC000024349P
SD1629,BGPC000024350P
SD1630,BGPC000024351P
SD1631,BGPC000024352P
SD1689,BGPC000025976P
SD1690,BGPC000025977P
SD1691,BGPC000025978P
SD1692,BGPC000025979P
SD1693,BGPC000025980P
SD1694,BGPC000025981P
SD1722,BGPC000026096P
SD1723,BGPC000026097P
SD1724,BGPC000026098P
SD1725,BGPC000026099P
SD1726,BGPC000026100P
SD1727,BGPC000026101P
SD1728,BGPC000026102P
SD1729,BGPC000026103P
SD1730,BGPC000026104P
SD1731,BGPC000026105P
SD1732,BGPC000026106P
SD1733,BGPC000026107P
SD1734,BGPC000026108P
SD1735,BGPC000026109P
SD1736,BGPC000026110P
SD1739,BGPC000024175P
SD1740,BGPC000024153P
SD1741,BGPC000024180P
SD1742,BGPC000024161P
SD1743,BGPC000024169P
SD1744,BGPC000024165P
SD1745,BGPC000024179P
SD1746,BGPC000024168P
SD1565,BGPC000024593P
SD1695,CGPC000025982P
SD1780,BGPC000026227P
SD1804,BGPC000026186P
SD1805,BGPC000026187P
SD1806,BGPC000026188P
SD1807,BGPC000026189P
SD1808,BGPC000026190P
SD1809,BGPC000026191P
SD1810,BGPC000026192P
SD1812,BGPC000026194P
SD1813,BGPC000026195P
SD1811,BGPC000026193P
SD1816,BGPC000026294P
SD1815,BGPC000026293P
SD1803,BGPC000026292P
SD1781,CGPC000026226P
SD1782,CGPC000026182P
SD1783,CGPC000026183P
SD1822,CGPC000026376P
SD1823,CGPC000026429P
SD1824,CGPC000026430P
SD1825,CGPC000026428P
SD1869,CGPC000023606P
SD1802,BGPC000026291P
SD1801,BGPC000026290P
SD1800,BGPC000026289P
SD1799,BGPC000026288P
SD1798,BGPC000026287P
SD1797,BGPC000026286P
SD1796,BGPC000026285P
SD1795,BGPC000026244P
SD1794,BGPC000026243P
SD1793,BGPC000026242P
SD1792,BGPC000026241P
SD1791,BGPC000026240P
SD1788,BGPC000026251P
SD1789,BGPC000026252P
SD1790,BGPC000026253P
SD1784,BGPC000026247P
SD1785,BGPC000026248P
SD1843,BGPC000026437P
SD1839,BGPC000026433P
SD1844,BGPC000026438P
SD1786,BGPC000026249P
SD1787,BGPC000026250P
SD1838,BGPC000026432P
SD1821,BGPC000026301P
SD1840,BGPC000026434P
SD1841,BGPC000026435P
SD1842,BGPC000026436P
SD1845,BGPC000026439P
SD1846,BGPC000026440P
SD1753,BGPC000026319P
SD1748,BGPC000026314P
SD1752,BGPC000026318P
SD1749,BGPC000026315P
SD1747,BGPC000026313P
SD1751,BGPC000026317P
SD1894,BGPC000026633P
SD1895,BGPC000026634P
SD1896,BGPC000026635P
SD1897,BGPC000026636P
SD1898,BGPC000026637P
SD1899,BGPC000026638P
SD1755,BGPC000026321P
SD1750,BGPC000026316P
SD1754,BGPC000026320P
SD1826,BGPC000026233P
SD1848,BGPC000026586P
SD1767,BGPC000026272P
SD1766,BGPC000026271P
SD1779,BGPC000026284P
SD1764,BGPC000026269P
SD1761,BGPC000026265P
SD1820,BGPC000026323P
SD1757,BGPC000026261P
SD1817,BGPC000026300P
SD1773,BGPC000026278P
SD1756,BGPC000026260P
SD1758,BGPC000026262P
SD1776,BGPC000026281P
SD1768,BGPC000026273P
SD1762,BGPC000026266P
SD1775,BGPC000026280P
SD1778,BGPC000026283P
SD1760,BGPC000026264P
SD1765,BGPC000026270P
SD1769,BGPC000026274P
SD1777,BGPC000026282P
SD1763,BGPC000026268P
SD1770,BGPC000026275P
SD1759,BGPC000026263P
SD1771,BGPC000026276P
SD1774,BGPC000026279P
SD1772,BGPC000026277P
SD1814,BGPC000026196P
SBA20,SBA20
SBA21,SBA21
SBA22,SBA22
SBA23,SBA23
SBA24,SBA24
SBA25,SBA25
SBA01,SBA01
SBA02,SBA02
SBA03,SBA03
SBA04,SBA04
SBA05,SBA05
SBA06,SBA06
SBA07,SBA07
SBA08,SBA08
SBA09,SBA09
SBA10,SBA10
SBA11,SBA11
SBA12,SBA12
SBA13,SBA13
SBA14,SBA14
SBA15,SBA15
SBA16,SBA16
SBA17,SBA17
SBA18,SBA18
SBA19,SBA19
SD1847,BIT13290127P
SD1837,BIT13420012P
SD1836,BIT13420011P
SD1827,BIT13420002P
SD1835,BIT13420010P
SD1828,BIT13420003P
SD1834,BIT13420009P
SD1829,BIT13420004P
SD1833,BIT13420008P
SD1830,BIT13420005P
SD1832,BIT13420007P
SD1831,BIT13420006P
SD1851,BGPC000026592P
SD1863,BGPC000026604P
SD1867,BGPC000026608P
SD1860,BGPC000026601P
SD1857,BGPC000026598P
SD1854,BGPC000026595P
SD1861,BGPC000026602P
SD1856,BGPC000026597P
SD1864,BGPC000026605P
SD1868,BGPC000026609P
SD1853,BGPC000026594P
SD1866,BGPC000026607P
SD1859,BGPC000026600P
SD1865,BGPC000026606P
SD1858,BGPC000026599P
SD1849,BGPC000026590P
SD1855,BGPC000026596P
SD1850,BGPC000026591P
SD1852,BGPC000026593P
SD1862,BGPC000026603P
SD1818,BGPC000026230P
SD1972,BGPC0000ACCNTG
SD1937,BGPC000032328P
SD1936,BGPC000032313P
SD1893,BGPC000026682P
SD1892,BGPC000026681P
SD1935,BGPC000032340P
SD1934,BGPC000032339P
SD1888,BGPC000026677P
SD1889,BGPC000026678P
SD1890,BGPC000026679P
SD1891,BGPC000026680P
"SD1933	",BGPC000032338P
SD1887,BGPC000026676P
SD1886,BGPC000026675P
SD1885,BGPC000026674P
SD1884,BGPC000026673P
SD1880,BGPC000026669P
SD1881,BGPC000026670P
SD1882,BGPC000026671P
SD1883,BGPC000026672P
"SD1932	",BGPC000032335P
SD1879,BGPC000026668P
SD1878,BGPC000026667P
SD1877,BGPC000026666P
SD1876,BGPC000026665P
SD1872,BGPC000026661P
SD1873,BGPC000026662P
SD1874,BGPC000026663P
SD1875,BGPC000026664P
"SD1931	",BGPC000032329P
SD1930,BGPC000032334P
SD1929,BGPC000032332P
SD1928,BGPC000032330P
SD1927,BGPC000032331P
SD1923,BGPC000032327P
SD1924,BGPC000032322P
SD1925,BGPC000032336P
SD1926,BGPC000032333P
"SD1922	",BGPC000032337P
SD1921,BGPC000032315P
SD1920,BGPC000032316P
SD1919,BGPC000032325P
SD1918,BGPC000032314P
SD1939,BGPC000032311P
SD1915,BGPC000032312P
SD1916,BGPC000032323P
SD1917,BGPC000032321P
SD1938,BGPC000032319P
SD1914,BGPC000032324P
SD1940,CGPC000026932P
SD1941,BGPC000026935P
SD1942,BGPC000026936P
SD1943,BGPC000026937P
SD1819,BGPC000026259P
SD1948,BGPC000026749P
SD1950,BGPC000026751P
SD1951,BGPC000026752P
SD1952,BGPC000026753P
SD1953,BGPC000026754P
SD1954,BGPC000026755P
SD1955,BGPC000026756P
SD1956,BGPC000026757P
SD1957,BGPC000026758P
SD1958,BGPC000026759P
SD1959,BGPC000026760P
SD1960,BGPC000026761P
SD1961,BGPC000026762P
SD1962,BGPC000026763P
SD1963,BGPC000026764P
SD1964,BGPC000026765P
SD1965,BGPC000026766P
SD1966,BGPC000026767P
SD1901,BGPC000026640P
SD1900,BGPC000026639P
SD1994,BGPC000027015P
SD1995,BGPC000027016P
SD1967,BGPC000027000P
SD1968,BGPC000027001P
SD1902,BGPC000026641P
SD1992,BGPC000027105P
SD1990,BGPC000027395P
SD1991,BGPC000027396P
SD1982,BGPC000027387P
SD1984,BGPC000027389P
SD1980,BGPC000027385P
SD1987,BGPC000027392P
SD1975,BGPC000027380P
SD1976,BGPC000027381P
SD1988,BGPC000027393P
SD1989,BGPC000027394P
SD1974,BGPC000027379P
SD1986,BGPC000027391P
SD1981,BGPC000027386P
SD1979,BGPC000027384P
SD1977,BGPC000027382P
SD1983,BGPC000027388P
SD1985,BGPC000027390P
SD1993,BGPC000027106P
SD1996,BIT-14290021P
SD1997,BIT-14290022P
SD1998,BIT-14290023P
SD1999,BIT-14290024P
SD2000,BIT-14290025P
SD1970,BGPC000027086P
SD1971,BGPC000027087P
SD1978,BGPC000027383P
SD2001,BIT-14290026P
SD2002,BIT-14290027P
SD2003,BIT-14290028P
SD2004,BIT-14290029P
SD2005,BIT-14290030P
SD1870,CGPC000023322P
SD1904,BGPC000026643P
SD1905,BGPC000026644P
SD1906,BGPC000026645P
SD1907,BGPC000026646P
SD1908,BGPC000026647P
SD1909,BGPC000026648P
SD2006,BGPC000027377P
SD2007,BGPC000027378P
SD2008,BGPC000027512P
SD2009,BGPC000016213P
SD2010,BGPC000016285P
SD2011,BGPC000016072P
SD2012,BGPC000016070P
SD2013,BGPC000000847P
SD2014,BGPC000000751P
SD2015,BGPC000000748P
SD2016,BGPC000016212P
SD2017,BGPC000000897P
SD2018,BGPC000000890P
SD2019,BGPC000000846P
SD2020,BGPC000016209P
SD2021,BGPC000014757P
SD2022,BGPC0000000655P
SD2023,BGPC000016068P
SD2024,B2130001144P
SD2025,B2130001412P
SD2026,BGPC000000813P
SD2027,BGPC000016210P
SD2028,BGPC000021381P
SD2029,BGPC000016126P
SD2030,BGPC000000889P
SD2031,BGPC000014313P
SD2032,BGPC000017088P
SD2033,B120000001084P
SD2034,CGPC000027025P
SD1910,BGPC000026649P
SD1911,BGPC000026650P
SD1912,BGPC000026651P
SD1913,BGPC000026652P
SD2035,CGPC000027573P
SD2036,BGPC000027568P
SD2037,BGPC000027569P
SD2038,BGPC000027570P
SD2039,BGPC000027571P
SD2040,BGPC000027572P
SD2042,CGPC000023674P
SD2043,CGPC000023676P
SD2044,CGPC000023680P
SD2045,CGPC000023682P
SD2046,CGPC000023684P
SD2047,CGPC000023689P
SD2048,CGPC000023686P
SD2049,CGPC000023679P
SD2050,CGPC000023116P
SD2252,BGPC000028003P
SD2253,BGPC000028004P
SD2254,BGPC000028005P
SD2255,BGPC000028006P
SD2256,BGPC000028007P
SD2259,BGPC000028010P
SD2059,BGPC000027649P
SD2060,BGPC000027650P
SD2061,BGPC000027651P
SD2062,BGPC000027652P
SD2063,CGPC000027530P
SD2064,CGPC000027531P
SD2065,BGPC000027586P
SD2066,BGPC000027567P
SD2067,BGPC000027588P
SD2068,BGPC000027589P
SD2069,BGPC000027590P
SD2070,BGPC000027591P
SD2071,BGPC000027768P
SD2072,BGPC000027769P
SD2073,BGPC000027770P
SD2074,BGPC000027771P
SD2075,BGPC000027772P
SD2076,BGPC000027773P
SD2077,BGPC000027774P
SD2078,BGPC000027775P
SD2079,BGPC000027776P
SD2080,BGPC000027777P
SD2090,CGPC000027874P
SD2091,CGPC000027875P
SD2092,CGPC000027876P
SD2093,BGPC000027912P
SD2094,BGPC000027913P
SD2095,BGPC000027914P
SD2096,BGPC000027915P
SD2097,BGPC000027916P
SD2098,BGPC000027917P
SD2099,BGPC000027918P
SD2100,BGPC000027919P
SD2101,BGPC000027920P
SD2102,BGPC000027921P
SD2103,BIT-14290036P
SD2104,BIT-14290037P
SD2105,BIT-14290038P
SD2106,BIT-14290039P
SD2107,BIT-14290040P
SD2108,BIT-14290041P
SD2109,BIT-14290042P
SD2110,BIT-14290043P
SD2111,BIT-14290044P
SD2112,BIT-14290045P
SD2113,BIT-14290046P
SD2114,BGPC000027936P
SD2115,BGPC000027937P
SD2116,BGPC000027938P
SD2117,BGPC000027939P
SD2118,BGPC000027940P
SD2287,BGPC000028828P
SD2288,BGPC000028829P
SD2289,BGPC000028830P
SD2290,BGPC000028831P
SD2291,BGPC000028832P
SD2292,BGPC000028833P
SD2293,BGPC000028834P
SD2126,BGPC000023777P
SD2127,BGPC000023776P
SD2128,BGPC000023775P
SD2129,BGPC000023232P
SD2130,BGPC000023235P
SD2131,BGPC000023233P
SD2132,BGPC000026731P
SD2133,BGPC000026729P
SD2134,BGPC000023234P
SD2135,BGPC000028425P
SD2136,BGPC000028426P
SD2137,BGPC000028427P
SD2138,BGPC000028428P
SD2139,BGPC000028429P
SD2140,BGPC000028430P
SD2141,BGPC000028431P
SD2142,BGPC000028432P
SD2143,BGPC000028433P
SD2144,BGPC000028434P
SD2145,BGPC000028435P
SD2146,BGPC000028436P
SD2154,BGPC000028208P
SD2155,BGPC000028209P
SD2156,BGPC000028210P
SD2157,BGPC000028211P
SD2158,BGPC000028212P
SD2159,BGPC000028213P
SD2160,BGPC000028214P
SD2161,BGPC000028215P
SD2162,BGPC000028216P
SD2163,BGPC000028217P
SD2164,BGPC000028218P
SD2165,BGPC000028219P
SD2166,BGPC000028220P
SD2167,BGPC000028221P
SD2168,BGPC000028222P
SD2169,BGPC000028223P
SD2170,BGPC000028224P
SD2171,BGPC000028225P
SD2172,BGPC000028226P
SD2173,BGPC000028227P
SD2174,BGPC000028228P
SD2175,BGPC000028229P
SD2176,BGPC000028230P
SD2177,BGPC000027952P
SD2178,BGPC000027953P
SD2179,BGPC000027954P
SD2180,BGPC000027955P
SD2181,BGPC000028192P
SD2182,BGPC000028193P
SD2183,BGPC000028176P
SD2184,BGPC000028177P
SD2185,BGPC000027956P
SD2186,BGPC000027957P
SD2187,BGPC000027958P
SD2188,BGPC000027959P
SD2189,BGPC000027960P
SD2190,BGPC000027961P
SD2191,BGPC000027962P
SD2192,BGPC000027963P
SD2193,BGPC000027964P
SD2194,BGPC000027965P
SD2195,BGPC000027966P
SD2196,BGPC000027967P
SD2197,BGPC000027968P
SD2198,BGPC000027969P
SD2199,BGPC000027970P
SD2200,BGPC000027971P
SD2201,BGPC000027972P
SD2202,BGPC000027973P
SD2203,BGPC000027974P
SD2204,BGPC000027975P
SD2205,BGPC000027976P
SD2206,BGPC000027977P
SD2207,BGPC000027978P
SD2208,BGPC000027979P
SD2209,BGPC000027980P
SD2210,BGPC000027981P
SD2352,BGPC000028846P
SD2212,BGPC000027983P
SD2213,BGPC000027888P
SD2214,BGPC000027889P
SD2215,BGPC000027890P
SD2216,BGPC000027891P
SD2217,BGPC000027892P
SD2218,BGPC000027893P
SD2219,BGPC000027894P
SD2220,BGPC000027895P
SD2221,BGPC000027896P
SD2222,BGPC000027897P
SD2223,BGPC000027898P
SD2224,BGPC000027899P
SD2225,BGPC000027900P
SD2226,BGPC000027901P
SD2227,BGPC000027902P
SD2228,BGPC000027903P
SD2229,BGPC000027904P
SD2230,BGPC000027905P
SD2231,BGPC000027906P
SD2232,BGPC000027907P
SD2233,BGPC000027908P
SD2234,BGPC000027909P
SD2235,BGPC000027910P
SD2236,BGPC000027911P
SD2237,BGPC000028157P
SD2238,BGPC000028158P
SD2239,BGPC000028413P
SD2240,CGPC000028629P
SD2241,BGPC000027992P
SD2242,BGPC000027993P
SD2243,BGPC000027994P
SD2244,BGPC000027995P
SD2245,BGPC000027996P
SD2246,BGPC000027997P
SD2247,BGPC000027998P
SD2248,BGPC000027999P
SD2249,BGPC000028000P
SD2250,BGPC000028001P
SD2251,BGPC000028002P
SD2257,BGPC000028008P
SD2260,BGPC000028011P
SD2261,BGPC000028665P
SD2262,BGPC000028666P
SD2263,BGPC000028667P
SD2264,BGPC000028668P
SD2265,BGPC000028669P
SD2266,BGPC000028670P
SD2267,BGPC000028671P
SD2268,BGPC000028672P
SD2269,BGPC000028673P
SD2270,BGPC000028707P
SD2271,BGPC000028708P
SD2272,BGPC000028709P
SD2273,BGPC000028710P
SD2274,BGPC000028711P
SD2275,BGPC000028712P
SD2276,BGPC000028713P
SD2277,CGPC000028736P
SD2278,BGPC000028819P
SD2279,BGPC000028820P
SD2280,BGPC000028821P
SD2281,BGPC000028822P
SD2282,BGPC000028823P
SD2283,BGPC000028824P
SD2284,BGPC000028825P
SD2285,BGPC000028826P
SD2286,BGPC000028827P
SD2294,BGPC000028835P
SD2295,BGPC000028836P
SD2297,BGPC000028808P
SD2298,BGPC000028809P
SD2299,BGPC000028810P
SD2300,BGPC000028811P
SD2301,BGPC000028812P
SD2302,BGPC000028798P
SD2303,BGPC000028799P
SD2304,BGPC000028800P
SD2305,BGPC000028801P
SD2306,BGPC000028802P
SD2307,BGPC000028803P
SD2308,BGPC000028804P
SD2309,BGPC000028805P
SD2310,BGPC000028806P
SD2311,BGPC000028807P
SD2312,BGPC000028813P
SD2313,BGPC000028814P
SD2314,BGPC000028815P
SD2315,BGPC000028816P
SD2316,BGPC000028423P
SD2317,BGPC000028424P
SD2318,BGPC000028450P
SD2319,BGPC000028451P
SD2320,BGPC000028452P
SD2321,BGPC000028453P
SD2322,BGPC000028454P
SD2041,CGPC000027577P
SD2296,BGPC000028837P
SD2153,BGPC000026683P
SD2152,BGPC000018612P
SD2151,BGPC000020861P
SD2150,BGPC000020871P
SD2149,BGPC000020876P
SD2148,BGPC000020868P
SD2147,BGPC000020889P
SD2089,BGPC000014278P
SD2088,BGPC000014270P
SD2087,BGPC000016074P
SD2086,BGPC000014229P
SD2085,BGPC000014363P
SD2084,BGPC000014250P
SD2083,BGPC000023246P
SD2082,BGPC000023226P
SD2081,BGPC000023225P
SD1973,CGPC000027092P
SD2051,BGPC000028023P
SD2052,BGPC000028024P
SD2053,BGPC000028025P
SD2054,BGPC000028026P
SD2055,BGPC000028027P
SD2056,BGPC000028028P
SD2057,BGPC000028029P
SD2058,BGPC000028030P
SD2119,BGPC000028058P
SD2120,BGPC000028059P
SD2121,BGPC000028060P
SD2122,BGPC000028061P
SD2123,BGPC000028062P
SD2124,BGPC000028063P
SD2125,BGPC000028064P
SD2323,CGPC000028857P
SD2324,BGPC000029079P
SD2325,BGPC000029080P
SD2326,BGPC000029081P
SD2327,BGPC000029082P
SD2328,BGPC000029083P
SD2329,BGPC000029084P
SD2330,BGPC000029065P
SD2331,BGPC000029066P
SD2332,BGPC000029067P
SD2333,BGPC000029068P
SD2334,BGPC000029060P
SD2335,BGPC000029096P
SD2336,BGPC000029097P
SD2337,BGPC000029098P
SD2338,BGPC000029057P
SD2339,BGPC000029058P
SD2340,BGPC000029059P
SD2341,BGPC000028885P
SD2342,BGPC000028886P
SD2343,BGPC000028887P
SD2344,BGPC000028888P
SD2345,BGPC000028889P
SD2346,BGPC000028890P
SD2347,BGPC000028891P
SD2348,BGPC000028785P
SD2349,BGPC000028786P
SD1871,CGPC000022648P
SD1903,BGPC000026642P
SD1944,BGPC000026768P
SD1945,BGPC000026769P
SD1946,BGPC000026773P
SD1947,BGPC000026774P
SD1949,CGPC000026969P
SD1969,CGPC000026770P
SD2258,BGPC000028009P
SD2350,BGPC000028844P
SD2351,BGPC000028845P
SD2353,BGPC000028847P
SD2359,BGPC000029069P
SD2355,BGPC000029092P
SD2356,BGPC000029093P
SD2357,BGPC000029094P
SD2358,BGPC000029095P
SD2360,BGPC000029070P
SD2361,BGPC000029071P
SD2362,BGPC000029072P
SD2363,BGPC000029073P
SD2364,BGPC000029074P
SD2365,BGPC000029075P
SD2366,BGPC000029076P
SD2367,BGPC000029033P
SD2368,BGPC000029034P
SD2369,BGPC000029035P
SD2370,BGPC000029036P
SD2371,BGPC000029037P
SD2372,BGPC000029038P
SD2373,BGPC000029039P
SD2374,BGPC000029042P
SD2375,BGPC000029043P
SD2376,BGPC000029044P
SD2377,BGPC000029045P
SD2378,BGPC000029046P
SD2379,BGPC000029047P
SD2380,BGPC000029048P
SD2381,BGPC000029049P
SD2382,BGPC000029050P
SD2383,BGPC000029051P
SD2384,BGPC000029052P
SD2385,BGPC000029053P
SD2386,BGPC000029054P
SD2387,BGPC000029055P
SD2388,BGPC000029056P
SD2389,BGPC000029327P
SD2390,BGPC000029484P
SD2391,BGPC000029485P
SD2392,BGPC000029486P
SD2393,BGPC000029487P
SD2394,BGPC000029488P
SD2395,BGPC000029489P
SD2396,BGPC000029490P
SD2397,BGPC000029491P
SD2411,BGPC000029386P
SD2412,BGPC000029387P
SD2413,BGPC000029388P
SD2415,BGPC000029389P
SD2416,BGPC000029390P
SD2417,BGPC000029391P
SD2418,BGPC000029392P
SD2419,BGPC000029393P
SD2420,BGPC000029394P
SD2421,BGPC000029395P
SD2422,BGPC000029396P
SD2423,BGPC000029397P
SD2424,CGPC000028533P
SD2425,BGPC000020954P
SD2434,BGPC000020875P
SD2435,BGPC000020847P
SD2426,BGPC000020955P
SD2427,BGPC000020956P
SD2428,BGPC000020957P
SD2429,BGPC000020958P
SD2430,BGPC000020959P
SD2431,BGPC000020960P
SD2432,BGPC000020961P
SD2433,BGPC000020962P
SD2437,CGPC000029480P
SD2354,BGPC000028848P
SD2414,BGPC000029401P
SD2455,BGPC000020916P
SD2454,BGPC000020925P
SD2452,BGPC000020926P
SD2451,BGPC000020860P
SD2450,BGPC000020938P
SD2449,BGPC000020940P
SD2448,BGPC000020892P
SD2447,BGPC000026874P
SD2446,BGPC000026873P
SD2445,BGPC000026872P
SD2444,BGPC000026871P
SD2443,BGPC000026870P
SD2442,BGPC000026869P
SD2441,BGPC000026868P
SD2440,BGPC000026867P
SD2439,BGPC000026866P
SD2438,BGPC000026865P
PDGTS1104,PDGTS1104
PDGTS1016,PDGTS1016
PDGTS1109,PDGTS1109
PDGTS1110,PDGTS1110
PDGTS1111,PDGTS1111
PDGTS1022,PDGTS1022
PDGTS1023,PDGTS1023
PDGTS024,PDGTS024
PDGTS1026,PDGTS1026
PDGTS1027,PDGTS1027
PDGTS1029,PDGTS1029
PDGTS1033,PDGTS1033
PDGTS1035,PDGTS1035
PDGTS1036,PDGTS1036
PDGTS1037,PDGTS1037
PDGTS1038,PDGTS1038
PDGTS1041,PDGTS1041
PDGTS1044,PDGTS1044
PDGTS1045,PDGTS1045
PDGTS1047,PDGTS1047
PDGTS1050,PDGTS1050
PDGTS1051,PDGTS1051
PDGTS1052,PDGTS1052
PDGTS1056,PDGTS1056
PDGTS1057,PDGTS1057
PDGTS1060,PDGTS1060
PDGTS1061,PDGTS1061
PDGTS1062,PDGTS1062
PDGTS1063,PDGTS1063
PDGTS1064,PDGTS1064
PDGTS1065,PDGTS1065
PDGTS1066,PDGTS1066
PDGTS1068,PDGTS1068
PDGTS1069,PDGTS1069
PDGTS1070,PDGTS1070
PDGTS1071,PDGTS1071
PDGTS1072,PDGTS1072
PDGTS1074,PDGTS1074
PDGTS1077,PDGTS1077
PDGTS1078,PDGTS1078
PDGTS1079,PDGTS1079
PDGTS1080,PDGTS1080
PDGTS1081,PDGTS1081
PDGTS1082,PDGTS1082
PDGTS1083,PDGTS1083
PDGTS1084,PDGTS1084
PDGTS1086,PDGTS1086
PDGTS1087,PDGTS1087
PDGTS1088,PDGTS1088
PDGTS1089,PDGTS1089
PDGTS1090,PDGTS1090
PDGTS1091,PDGTS1091
PDGTS1092,PDGTS1092
PDGTS1095,PDGTS1095
PDGTS1096,PDGTS1096
PDGTS1097,PDGTS1097
PDGTS1100,PDGTS1100
PDGTS1101,PDGTS1101
PDGTS1102,PDGTS1102
PDGTS1113,PDGTS1113
PDGTS1114,PDGTS1114
PDGTS1115,PDGTS1115
PDGTS1116,PDGTS1116
PDGTS1117,PDGTS1117
PDGTS1118,PDGTS1118
PDGTS1119,PDGTS1119
PDGTS1120,PDGTS1120
PDGTS1121,PDGTS1121
PDGTS1122,PDGTS1122
PDGTS1128,PDGTS1128
PDGTS1129,PDGTS1129
PDGTS1130,PDGTS1130
PDGTS1131,PDGTS1131
PDGTS1132,PDGTS1132
PDGTS1134,PDGTS1134
PDGTS1140,PDGTS1140
PDGTS1141,PDGTS1141
PDGTS1142,PDGTS1142
PDGTS1143,PDGTS1143
PDGTS1145,PDGTS1145
PDGTS1146,PDGTS1146
PDGTS1147,PDGTS1147
PDGTS1148,PDGTS1148
PDGTS1149,PDGTS1149
PDGTS1150,PDGTS1150
PDGTS1151,PDGTS1151
PDGTS1152,PDGTS1152
PDGTS1154,PDGTS1154
PDGTS1155,PDGTS1155
PDGTS1156,PDGTS1156
PDGTS1159,PDGTS1159
PDGTS1160,PDGTS1160
PDGTS1162,PDGTS1162
PDGTS1171,PDGTS1171
PDGTS1172,PDGTS1172
PDGTS1173,PDGTS1173
PDGTS1174,PDGTS1174
PDGTS1176,PDGTS1176
PDGTS1177,PDGTS1177
PDGTS1178,PDGTS1178
PDGTS1179,PDGTS1179
PDGTS1180,PDGTS1180
PDGTS1181,PDGTS1181
PDGTS1182,PDGTS1182
PDGTS1183,PDGTS1183
PDGTS1186,PDGTS1186
PDGTS1188,PDGTS1188
PDGTS1194,PDGTS1194
PDGTS1195,PDGTS1195
PDGTS1197,PDGTS1197
PDGTS1198,PDGTS1198
PDGTS1200,PDGTS1200
PDGTS1202,PDGTS1202
PDGTS1203,PDGTS1203
PDGTS1204,PDGTS1204
PDGTS1209,PDGTS1209
PDGTS1210,PDGTS1210
PDGTS1211,PDGTS1211
PDGTS1212,PDGTS1212
PDGTS1219,PDGTS1219
PDGTS1221,PDGTS1221
PDGTS1222,PDGTS1222
PDGTS1224,PDGTS1224
PDGTS1229,PDGTS1229
PDGTS1230,PDGTS1230
PDGTS1231,PDGTS1231
PDGTS1237,PDGTS1237
PDGTS1238,PDGTS1238
PDGTS1239,PDGTS1239
PDGTSVC1,PDGTSVC1
PDGTS1167,PDGTS1167
PDGTS1168,PDGTS1168
PDGTS1170,PDGTS1170
SD2519,BGPC000029995P
SD2520,BGPC000029996P
SD2521,BGPC000029997P
SD2522,BGPC000029998P
SD2523,BGPC000029999P
SD2524,BGPC000030000P
SD2525,BGPC000030001P
SD2526,BGPC000030002P
SD2527,BGPC000030003P
SD2528,BGPC000030004P
SD2529,BGPC000029991P
SD2530,BGPC000029992P
SD2531,BGPC000029993P
SD2532,BGPC000029994P
SD2456,BGPC000029735P
SD2457,BGPC000029736P
SD2458,BGPC000029737P
SD2459,BGPC000029738P
SD2460,BGPC000029749P
SD2461,BGPC000029750P
SD2462,BGPC000029751P
SD2463,BGPC000029752P
SD2464,BGPC000029753P
SD2465,BGPC000029754P
SD2466,BGPC000029755P
SD2467,BGPC000029756P
SD2468,BGPC000029757P
SD2469,CGPC000029887P
SD2470,CGPC000029938P
SD2471,CGPC000026238P
SD2472,CIT011581P
SD2473,BGPC000029816P
SD2474,BGPC000029817P
SD2475,BGPC000029818P
SD2476,BGPC000029819P
SD2477,BGPC000029820P
SD2478,BGPC000029821P
SD2479,BGPC000029822P
SD2480,BGPC000029823P
SD2481,BGPC000029824P
SD2482,BGPC000029825P
SD2483,BGPC000029826P
SD2484,BGPC000029827P
SD2485,BGPC000029828P
SD2486,BGPC000029829P
SD2487,BGPC000029830P
SD2488,BGPC000029831P
SD2489,BGPC000029779P
SD2490,BGPC000029780P
SD2491,BGPC000029781P
SD2492,BGPC000029782P
SD2493,BGPC000029874P
SD2494,BGPC000032624P
SD2495,BGPC000032625P
SD2496,BGPC000032626P
SD2497,BGPC000032627P
SD2498,BGPC000032628P
SD2499,BGPC000032629P
SD2500,SGH346SG4Z-WB-7
SD2501,BGPC000032631P
SD2502,BGPC000032632P
SD2503,BGPC000032633P
SD2504,BGPC000032634P
SD2505,BGPC000032635P
SD2506,BGPC000032636P
SD2507,BGPC000032637P
SD2508,BGPC000032638P
SD2509,BGPC000032639P
SD2510,sgh348twrk-pc9
SD2511,BGPC000032641P
SD2512,BGPC0000032642P
SD2513,BGPC000032643P
SD2514,SGH346SG4Q-PC13
SD2515,BGPC000019693P
SD2516,BGPC000019678P
SD2517,BGPC000019695P
SD2518,BGPC000019672P
SD2533,BGPC000029951P
SD2534,BGPC000030005P
SD2535,BGPC000030006P
SD2536,BGPC000030007P
SD2537,BGPC000030008P
SD2538,BGPC000030009P
SD2539,BGPC000030010P
SD2541,BGPC000030056P
SD2542,BGPC000030057P
SD2543,BGPC000030058P
SD2544,BGPC000030059P
SD2545,BGPC000030060P
SD2547,BGPC000030062P
SD2548,BGPC000030094P
SD2549,BGPC000030095P
SD2550,BGPC000030096P
SD2551,BGPC000030097P
SD2552,BGPC000030098P
SD2553,BGPC000030099P
SD2554,BGPC000030100P
SD2555,BGPC000030101P
SD2556,BGPC000030102P
SD2557,BGPC000030103P
SD2558,BGPC000030104P
SD2559,BGPC000030105P
SD2560,BGPC000030106P
SD2561,BGPC000030107P
SD2562,BGPC000030108P
SD2563,CGPC000023854P
SD2564,BGPC000030109P
SD2565,BGPC000030110P
SD2566,BGPC000030111P
SD2567,BGPC000030112P
SD2568,BGPC000030113P
SD2569,BGPC000030114P
SD2570,BGPC000030115P
SD2571,BGPC000030116P
SD2572,CGPC000030427P
SD2573,CGPC000030483P
SD2574,CGPC000030681P
SD2575,CGPC000030682P
SD2576,CGPC000030683P
SD2577,BGPC000030358P
SD2400,BGPC000023556P
SD2401,BGPC000023543P
SD2402,BGPC000023551P
SD2403,BGPC000022483P
SD2404,BGPC000028894P
SD2405,BGPC000028896P
SD2406,BGPC000028893P
SD2407,BGPC000028895P
SD2408,BGPC000028892P
SD2409,BGPC000020905P
SD2410,CGPC000029850P
SD2398,BGPC000020903P
SD2399,BGPC000018638P
SD2613,BGPC000030221P
SD2614,BGPC000030222P
SD2615,BGPC000030223P
SD2616,BGPC000030224P
SD2617,BGPC000030225P
SD2618,BGPC000030226P
SD2578,BGPC000030570P
SD2579,BGPC000030571P
SD2580,BGPC000030572P
SD2581,BGPC000030573P
SD2582,BGPC000030574P
SD2583,BGPC000030575P
SD2584,BGPC000030576P
SD2585,BGPC000030577P
SD2586,BGPC000030578P
SD2587,BGPC000030579P
SD2588,BGPC000030580P
SD2589,BGPC000030581P
SD2590,BGPC000030582P
SD2591,BGPC000030583P
SD2592,BGPC000030584P
SD2593,BGPC000030585P
SD2594,BGPC000030586P
SD2595,BGPC000030587P
SD2596,BGPC000030588P
SD2597,BGPC000030589P
SD2598,BGPC000030590P
SD2599,BGPC000030591P
SD2600,BGPC000030592P
SD2601,BGPC000030593P
SD2602,BGPC000030594P
SD2603,BGPC000030595P
SD2604,BGPC000030596P
SD2605,BGPC000030597P
SD2606,BGPC000030598P
SD2607,BGPC000030599P
SD2608,BGPC000030672P
SD2609,BGPC000030673P
SD2610,BGPC000030674P
SD2611,BGPC000030675P
SD2612,BGPC000030676P
SD2619,BGPC000030651P
SD2620,BGPC000030652P
SD2621,BGPC000030653P
SD2622,BGPC000030654P
SD2623,BGPC000030655P
SD2624,BGPC000030656P
SD2625,BGPC000030657P
SD2626,BGPC000030658P
SD2627,BGPC000030659P
SD2628,BGPC000030660P
SD2629,BGPC000030458P
SD2630,BGPC000030459P
SD2631,BGPC000030460P
SD2632,BGPC000030461P
SD2633,BGPC000030462P
SD2634,BGPC000030463P
SD2635,BGPC000030464P
SD2636,BGPC000030465P
SD2638,BGPC000030467P
SD2637,BGPC000030466P
SD2639,BGPC000030468P
SD2640,BGPC000030469P
SD2641,BGPC000030470P
SD2642,BGPC000030471P
SD2643,BGPC000030472P
SD2644,BGPC000030473P
SD2645,BGPC000030474P
SD2646,BGPC000030475P
SD2647,BGPC000030476P
SD2648,BGPC000030477P
SD2649,BGPC000030478P
SD2650,BGPC000030479P
SD2651,BGPC000030480P
SD2652,BGPC000030481P
SD2653,BGPC000030482P
SD2654,BGPC000030541P
SD2655,BGPC000030542P
SD2656,BGPC000030543P
SD2657,BGPC000030544P
SD2658,BGPC000030545P
SD2659,BGPC000030546P
SD2660,BGPC000030547P
SD2661,BGPC000030548P
SD2662,BGPC000030549P
SD2663,BGPC000030550P
SD2664,BGPC000030551P
SD2665,BGPC000030552P
SD2666,BGPC000030553P
SD2667,BGPC000030554P
SD2668,BGPC000030555P
SD2669,BGPC000030556P
SD2670,BGPC000030557P
SD2671,BGPC000030558P
SD2672,BGPC000030559P
SD2673,BGPC000030560P
SD2674,BGPC000030561P
SD2675,BGPC000030562P
SD2676,BGPC000030563P
SD2677,BGPC000030564P
SD2678,BGPC000030565P
SD2679,BGPC000030566P
SD2680,BGPC000030567P
SD2681,BGPC000030568P
SD2682,BGPC000030569P
SD2683,BGPC000030712P
SD2684,BGPC000030713P
SD2685,BGPC000030714P
SD2686,BGPC000030179P
SD2687,BGPC000030180P
SD2688,BGPC000030181P
SD2694,BGPC000030385P
SD2695,BGPC000030386P
SD2696,BGPC000030387P
SD2697,BGPC000030388P
SD2698,BGPC000030389P
SD2699,BGPC000030808P
SD2700,BGPC000030809P
SD2701,BGPC000030810P
SD2702,BGPC000030811P
SD2703,BGPC000030812P
SD2704,BGPC000030813P
SD2705,BGPC000030814P
SD2706,BGPC000030815P
SD2707,BGPC000030816P
SD2708,BGPC000030817P
SD2709,BGPC000030818P
SD2710,BGPC000030819P
SD2711,BGPC000030855P
SD2712,BGPC000030856P
SD2713,BGPC000030857P
SD2714,BGPC000030858P
SD2715,BGPC000030859P
SD2716,BGPC000030860P
SD2717,BGPC000030941P
SD2718,CGPC000044139P
SD2734,BGPC000031023P
SD2719,CGPC000031007
SD2720,CGPC000031002P
SD2721,CGPC000031001P
SD2722,CGPC000031011P
SD2723,CGPC000031190P
SD2724,BGPC000031013P
SD2725,BGPC000031014P
SD2726,BGPC000031015P
SD2727,BGPC000031016P
SD2728,BGPC000031017P
SD2729,BGPC000031018P
SD2730,BGPC000031019P
SD2825,BGPC000031515P
SD2731,BGPC000031020P
SD2732,BGPC000031021P
SD2826,BGPC000031516P
SD2733,BGPC000031022P
SD2827,BGPC000031517P
SD2828,BGPC000031518P
SD2735,BGPC000031024P
SD2736,BGPC000031025P
SD2829,BGPC000031519P
SD2738,BGPC000031027P
SD2830,BGPC000031520P
SD2739,BGPC000021265P
SD2740,BGPC000021267P
SD2741,BGPC000021269P
SD2831,BGPC000031521P
SD2832,BGPC000031522P
SD2742,BGPC000021270P
SD2833,BGPC000031523P
SD2743,BGPC000021273P
SD2834,BGPC000031524P
SD2744,BGPC000021274P
SD2745,BGPC000021275P
SD2835,BGPC000031525P
SD2746,BGPC000021279P
SD2836,BGPC000031526P
SD2747,BGPC000021280P
SD2748,BGPC000021282P
SD2837,BGPC000031527P
SD2749,BGPC000021286P
SD2750,BGPC000021288P
SD2838,BGPC000031528P
SD2751,CGPC000031010P
SD2839,BGPC000031529P
SD2840,BGPC000031530P
SD2752,BGPC000031262P
SD2841,BGPC000031531P
SD2753,BGPC000031263P
SD2842,BGPC000031532P
SD2754,BGPC000031264P
SD2843,BGPC000031533P
SD2755,BGPC000031265P
SD2844,BGPC000031534P
SD2756,BGPC000031266P
SD2757,BGPC000031267P
SD2845,BGPC000031535P
SD2758,BGPC000031268P
SD2846,BGPC000031536P
SD2760,BGPC000031270P
SD2847,BGPC000031537P
SD2848,BGPC000031538P
SD2759,BGPC000031269P
SD2849,BGPC000031539P
SD2761,BGPC000031271P
SD2850,BGPC000031540P
SD2762,BGPC000031272P
SD2851,BGPC000031541P
SD2763,BGPC000031273P
SD2852,BGPC000031542P
SD2764,BGPC000031274P
SD2853,BGPC000031543P
SD2765,BGPC000031275P
SD2766,BGPC000031276P
SD2854,BGPC000031544P
SD2767,BGPC000031277P
SD2855,BGPC000031545P
SD2768,BGPC000031278P
SD2856,BGPC000031546P
SD2769,BGPC000031279P
SD2857,BGPC000031547P
SD2770,BGPC000031280P
SD2771,BGPC000031281P
SD2858,BGPC000031548P
SD2772,BGPC000031282P
SD2773,BGPC000031283P
SD2774,BGPC000031284P
SD2775,BGPC000031285P
SD2859,CGPC000031593P
SD2776,BGPC000031286P
SD2777,BGPC000031287P
SD2778,BGPC000031288P
SD2779,BGPC000031182P
SD2780,BGPC000031183P
SD2781,BGPC000031184P
SD2782,BGPC000031185P
SD2860,CGPC000031597P
SD2861,BGPC000031704P
SD2862,BGPC000031705P
SD2863,BGPC000031706P
SD2864,BGPC000031707P
SD2865,BGPC000031708P
SD2783,BGPC000031186P
SD2784,BGPC000031187P
SD2866,BGPC000031709P
SD2785,BGPC000031188P
SD2786,BGPC000031189P
SD2787,BGPC000031427P
SD2867,BGPC000031710P
SD2868,BGPC000031711P
SD2788,BGPC000031428P
SD2789,BGPC000031429P
SD2869,BGPC000031712P
SD2790,BGPC000031430P
SD2870,BGPC000031713P
SD2791,BGPC000031431P
SD2792,BGPC000031432P
SD2871,BGPC000031714P
SD2793,BGPC000031433P
SD2794,BGPC000031434P
SD2872,BGPC000031715P
SD2795,BGPC000031435P
SD2873,BGPC000031716P
SD2796,BGPC000031436P
SD2797,BGPC000031437P
SD2874,BGPC000031717P
SD2798,BGPC000031438P
SD2799,BGPC000031353P
SD2875,BGPC000031718P
SD2876,BGPC000031719P
SD2800,BGPC000031354P
SD2877,BGPC000031720P
SD2878,BGPC000031721P
SD2801,BGPC000031355P
SD2879,BGPC000031722P
SD2802,BGPC000031356P
SD2880,BGPC000031723P
SD2803,BGPC000031357P
SD2804,BGPC000031358P
SD2881,BGPC000031724P
SD2805,BGPC000031359P
SD2882,BGPC000031725P
SD2806,BGPC000031360P
SD2883,BGPC000031726P
SD2884,BGPC000031727P
SD2885,CGPC000031759P
SD2886,CGPC000031760P
SD2807,BGPC000031361P
SD2808,BGPC000031362P
SD2809,BGPC000031363P
SD2887,CGPC000031761P
SD2810,BGPC000031364P
SD2811,BGPC000031365P
SD2888,CGPC000031769P
SD2812,BGPC000031366P
SD2813,BGPC000031367P
SD2814,BGPC000031368P
SD2889,CGPC000031591P
SD2815,BGPC000031369P
SD2816,BGPC000031310P
SD2890,CGPC000026448P
SD2817,CGPC000031347P
SD2891,BGPC000031681P
SD2892,BGPC000031682P
SD2893,BGPC000031683P
SD2894,BGPC000031684P
SD2895,BGPC000031685P
SD2896,BGPC000031686P
SD2897,BGPC000031687P
SD2898,BGPC000031688P
SD2899,BGPC000031689P
SD2900,BGPC000031690P
SD2901,BGPC000031691P
SD2902,BGPC000031692P
SD2903,BGPC000031693P
SD2904,BGPC000031694P
SD2905,BGPC000031695P
SD2906,BGPC000031696P
SD2907,BGPC000031697P
SD2908,BGPC000031698P
SD2909,BGPC000031699P
SD2910,BGPC000031700P
SD2911,BGPC000031701P
SD2912,BGPC000031702P
SD2913,BGPC000031703P
SD2914,CGPC000031791P
SD2915,CGPC000031792P
SD2917,CGPC000031770P
SD2820,BGPC000030374P
SD2818,BGPC000026334P
SD2819,BGPC000026339P
SD2821,BGPC000028040P
SD2822,BGPC000030375P
SD2823,BGPC000030372P
SD2824,BGPC000030384P
SD2916,CGPC000031793P
SD2939,CGPC000026431P
SD2918,BGPC000021262P
SD2919,BGPC000021277P
SD2920,BGPC000021278P
SD2921,BGPC000021284P
SD2922,BGPC000021285P
SD2923,BGPC000031877P
SD2924,BGPC000031878P
SD2925,BGPC000031879P
SD2926,BGPC000031880P
SD2927,BGPC000031881P
SD2928,BGPC000031882P
SD2929,BGPC000031883P
SD2930,BGPC000031884P
SD2931,CGPC000031939P
SD2932,CGPC000031864P
SD2933,CGPC000031836P
SD2934,CGPC000022984P
SD2935,CGPC000023167P
SD2936,CIT011582P
SD2937,CGPC000026443P
SD2938,CGPC000026130P
SD2940,CGPC000023733P
SD2941,CGPC000022815P
SD2942,CGPC000024598P
SD2943,CGPC000016092P
SD2945,BGPC000031095P
SD2946,BGPC000031096P
SD2947,BGPC000031897P
SD2949,BGPC000031899P
SD2948,BGPC000031898P
SD2950,BGPC000031900P
SD2951,BGPC000031901P
SD2952,BGPC000031902P
SD2953,BGPC000031903P
SD2954,BGPC000031904P
SD2955,BGPC000031905P
SD2956,BGPC000031906P
SD2957,BGPC000031907P
SD2958,BGPC000031908P
SD2959,BGPC000031909P
SD2960,BGPC000031910P
SD2961,BGPC000031911P
SD2962,BGPC000031912P
SD2963,BGPC000031913P
SD2965,BGPC000032068P
SD2966,BGPC000032069P
SD2967,BGPC000032070P
SD2968,BGPC000032071P
SD2969,BGPC000032072P
SD2970,BGPC000032073P
SD2971,BGPC000032074P
SD2972,BGPC000032075P
SD2973,BGPC000032076P
SD2974,BGPC000032077P
SD2975,BGPC000032078P
SD2976,BGPC000032079P
SD2977,BGPC000032080P
SD2978,BGPC000032081P
SD2979,BGPC000032082P
SD2980,BGPC000032083P
SD2981,BGPC000032084P
SD2982,BGPC000032085P
SD2983,BGPC000032086P
SD2984,BGPC000031808P
SD2985,BGPC000031809P
SD2986,BGPC000031810P
SD2987,BGPC000031811P
SD2988,BGPC000031805P
SD2989,BGPC000031806P
SD2990,BGPC000031807P
SD2991,BGPC000031812P
SD2992,BGPC000031813P
SD2993,BGPC000031814P
SD2994,BGPC000031815P
SD2995,BGPC000031816P
SD2996,BGPC000031817P
SD2997,BGPC000031818P
SD2998,BGPC000031819P
SD2999,BGPC000031820P
SD3000,BGPC000031821P
SD3001,BGPC000031822P
SD3002,BGPC000032195P
SD3003,BGPC000032196P
SD3004,BGPC000032197P
SD3005,BGPC000032198P
SD3006,BGPC000032199P
SD3007,BGPC000032200P
SD3008,BGPC000032201P
SD3009,BGPC000031914P
SD3010,BGPC000031915P
SD3011,BGPC000031916P
SD3012,BGPC000031917P
SD3013,BGPC000031918P
SD3014,BGPC000031919P
SD3015,BGPC000031920P
SD3016,BGPC000031921P
SD3017,BGPC000031922P
SD3018,BGPC000031923P
SD3019,BGPC000031924P
SD3020,BGPC000031925P
SD3021,BGPC000031926P
SD3022,BGPC000031927P
SD3023,BGPC000031928P
SD3024,BGPC000031929P
SD3025,BGPC000031930P
SD3026,BGPC000031931P
SD3027,BGPC000032005P
SD3028,BGPC000032006P
SD3029,BGPC000031846P
SD3030,BGPC000031847P
SD3031,BGPC000031848P
SD3032,BGPC000031849P
SD3033,BGPC000031844P
SD3034,BGPC000031845P
SD3035,BGPC000032037P
SD3036,BGPC000032038P
SD3037,BGPC000032039P
SD3039,BGPC000032041P
SD3038,BGPC000032040P
SD3040,BGPC000032042P
SD3041,BGPC000032043P
SD3042,BGPC000032044P
SD3043,BGPC000032045P
SD3044,BGPC000032046P
SD3045,BGPC000032047P
SD3046,BGPC000032048P
SD3047,BGPC000032049P
SD3048,BGPC000032050P
SD3049,BGPC000032051P
SD3050,BGPC000032052P
SD3051,BGPC000032053P
SD3052,BGPC000032054P
SD3053,BGPC000032055P
SD3054,BGPC000032056P
SD3055,BGPC000032057P
SD3056,BGPC000032058P
SD3057,BGPC000032059P
SD3058,BGPC000032060P
SD3059,BGPC000032061P
SD3060,BGPC000032062P
SD3061,BGPC000032063P
SD3062,BGPC000032064P
SD3063,BGPC000032065P
SD3064,BGPC000032066P
SD3065,CGPC000031941P
SD3066,BGPC000031885P
SD3067,BGPC000031886P
SD3068,BGPC000031887P
SD3069,BGPC000031888P
SD3070,BGPC000031889P
SD3071,CGPC000032159P
SD3072,CGPC000032175P
SD3073,CGPC000032176P
SD3074,CGPC000032177P
SD3075,CGPC000032178P
SD3082,CGPC000032115P
SD3083,CGPC000032308P
SD3076,BGPC000032119P
SD3077,BGPC000032120P
SD3080,BGPC000032123P
SD3081,BGPC000032124P
SD3085,BGPC000032237P
SD3084,BGPC000032236P
SD3086,BGPC000032238P
SD3088,BGPC000032240P
SD3087,BGPC000032239P
SD3089,CGPC000032116P
SD3090,CGPC000032117P
SD3091,CGPC000032353P
SD3092,CGPC000032310P
SD3093,CGPC000032168P
SD3094,CGPC000032380P
SD3078,BGPC000032121P
SD3079,BGPC000032122P
SD3095,CGPC000032393P
BGPC000032069P,SD2963
SD2964,BGPC000032067P
SD2944,BGPC000031094P
SD3096,BGPC000032243P
SD3097,BGPC000032244P
SD3098,BGPC000032245P
SD3099,BGPC000032246P
SD3100,BGPC000032247P
SD3101,BGPC000032432P
SD3102,BGPC000031616P 
SD3103,BGPC000031985P 
SD3104,CGPC000032658P
SD3105,CGPC000032659P
SD3106,CGPC000032660P
SD3107,CGPC000032655P
SD3108,CGPC000032656P
SD3109,CGPC000032657P
SD3110,CGPC000032662P
SD3112,BGPC000032524P
SD3113,BGPC000032525P
SD3111,BGPC000032523P
SD3114,BGPC000032526P
SD3115,BGPC000032527P
SD3116,BGPC000032528P
SD3117,BGPC000032529P
SD3118,BGPC000032530P
SD3118,BGPC000032530P
SD3119,BGPC000032531P
SD3120,BGPC000032532P
SD3124,BGPC000032584P
SD3197,BGPC000032579P
SD3198,BGPC000032580P
SD3121,BGPC000032649P
SD3122,BGPC000032650P
SD3123,BGPC000032651P
SD3125,BGPC000032585P
SD3126,BGPC000032586P
SD3127,BGPC000032587P
SD3129,BGPC000032589P
SD3130,BGPC000032590P
SD3131,BGPC000032591P
SD3132,BGPC000032592P
SD3133,BGPC000032593P
SD3134,BGPC000032594P
SD3135,BGPC000032595P
SD3136,BGPC000032596P
SD3137,BGPC000032597P
SD3138,BGPC000032598P
SD3139,BGPC000032599P
SD3128,BGPC000032588P
SD3140,BGPC000032496P
SD3141,BGPC000032497P
SD3142,BGPC000032498P
SD3143,BGPC000032499P
SD3144,BGPC000032500P
SD3145,BGPC000032501P
SD3146,BGPC000032502P
SD3147,BGPC000032503P
SD3148,BGPC000032504P
SD3149,BGPC000032505P
SD3150,BGPC000032506P
SD3151, BGPC000032507P
SD3152,BGPC000032508P
SD3153,BGPC000032555P
SD3154,BGPC000032556P
SD3155,BGPC000032557P
SD3156,BGPC000032558P
SD3157,BGPC000032559P
SD3158,BGPC000032560P
SD3159,BGPC000032561P
SD3160,BGPC000032562P
SD3161,BGPC000032563P
SD3162,BGPC000032564P
SD3163,BGPC000032565P
SD3164,BGPC000032566P
SD3165,BGPC000032567P
SD3166,BGPC000032568P
SD3167,BGPC000032569P
SD3168,BGPC000032570P
SD3169,BGPC000032533P
SD3170,BGPC000032534P
SD3171,BGPC000032535P
SD3172,BGPC000032536P
SD3173,BGPC000032537P
SD3174,BGPC000032538P
SD3175,BGPC000032539P
SD3176,BGPC000032540P
SD3177,BGPC000032541P
SD3178,BGPC000032542P
SD3179,BGPC000032543P
SD3180,BGPC000032544P
SD3181,BGPC000032545P
SD3182,BGPC000032546P
SD3183,BGPC000032547P
SD3184,BGPC000032548P
SD3185,BGPC000032549P
SD3186,BGPC000032550P
SD3187,BGPC000032551P
SD3188,BGPC000032552P
SD3189,BGPC000032553P
ZAP,ZAP
SD3190,BGPC000032554P
SD3191,BGPC000032701P
SD3192,BGPC000032702P
SD3193,BGPC000032703P
SD3194,BGPC000032704P
SD3195,BGPC000032705P
SD3196,BGPC000032706P
SD3199,BGPC000032581P
SD3200,BGPC000032582P
SD3201,BGPC000032583P
SD3202,BGPC000032576P
SD3203,BGPC000032577P
SD3204,BGPC000032578P
SD2453,BGPC000020897P
SD2546,BGPC000030061P
SD2737,BGPC000031026P
SD3205,BGPC000029167P
SD3207,BGPC000029170P
SD3208,BGPC000029169P
SD3209,BGPC000029442P
SD3210,BGPC000029441P
SD3211,BGPC000029440P
SD3212,BGPC000029448P
SD3213,BGPC000026343P
SD3214,BGPC000033080P
SD3215,BGPC000033097P
SD3216,BGPC000033098P
SD3217,BGPC000033099P
SD3218,BGPC000033100P
SD3219,BGPC000033101P
SD3221,BGPC000033103P
SD3222,BGPC000033104P
SD3223,BGPC000033105P
SD3224,BGPC000033106P
SD3225,BGPC000033107P
SD3226,BGPC000033108P
SD3227,BGPC000033094P
SD3228,BGPC000033089P
SD3229,BGPC000033090P
SD3230,BGPC000033091P
SD3231,BGPC000033092P
SD3206,BGPC000029172P
SD3220,BGPC000033102P
ZAP,ZAP
ZAP,ZAP
ZAP,ZAP
ZAP,ZAP
SD3232,CGPC000033267P
SD3233,CGPC000033266P
SD3234,BGPC000033043P
SD3235,BGPC000033044P
SD3236,BGPC000033045P
SD3237,BGPC000033046P
SD3238,BGPC000033046P
SD3239,BGPC000033046P
SD3240,BGPC000033049P
SD3241,BGPC000033050P
SD3242,BGPC000033051P
SD3243,BGPC000033052P
SD3244,BGPC000033053P
SD3245,BGPC000033054P
SD3246,BGPC000033055P
SD3247,BGPC000033056P
SD3248,BGPC000033109P
SD3249,BGPC000033110P
SD3250,BGPC000033111P
SD3251,BGPC000033112P
SD3252,BGPC000033113P
SD3253,BGPC000033114P
SD3254,BGPC000033115P
SD3255,BGPC000033116P
SD3256,BGPC000033134P
SD3257,BGPC000033135P
SD3258,BGPC000033136P
SD3259,BGPC000033137P
SD3260,BGPC000033138P
SD3261,BGPC000033139P
SD3262,BGPC000033140P
SD3263,BGPC000033141P
SD3264,BGPC000033142P
SD3265,BGPC000033143P
SD3266,BGPC000033144P
SD3267,BGPC000033145P
SD3268,BGPC000033146P
SD3269,BGPC000033147P
SD3270,BGPC000033148P
SD3271,BGPC000033149P
SD3272,CGPC000033270P
SD3273,BGPC000033117P
SD3274,BGPC000033118P
SD3275,BGPC000033119P
SD3276,BGPC000033120P
SD3277,CGPC000033325P
SD3278,CGPC000033326P
SD3279,CGPC000033327P
SD3280,BGPC000033425P
SD3281,BGPC000033426P
SD3282,BGPC000033427P
SD3283,BGPC000033428P
SD3284,BGPC000033429P
SD3286,BGPC000033431P
SD3287,BGPC000033432P
SD3288,BGPC000033433P
SD3289,BGPC000033434P
SD3290,BGPC000033435P
SD3291,BGPC000033436P
SD3292,BGPC000033437P
SD3293,BGPC000033438P
SD3294,BGPC000033439P
SD3295,BGPC000033440P
SD3296,BGPC000033441P
SD3297,BGPC000033442P
SD3298,BGPC000033443P
SD3299,BGPC000033444P
SD3300,BGPC000033445P
SD3301,BGPC000033446P
SD3302,BGPC000033447P
SD3303,BGPC000033448P
SD3304,BGPC000033449P
SD3305,BGPC000033450P
SD3306,BGPC000033451P
SD3307,CGPC000033502P
SD3308,CGPC000033507P
SD3309,CGPC000033508P
SD3310,BGPC000030724P
SD3311,BGPC000033402P
SD3312,BGPC000033403P
SD3313,BGPC000033404P
SD3314,BGPC000033405P
SD3315,BGPC000033406P
SD3316,BGPC000033407P
SD3317,BGPC000033408P
SD3318,BGPC000033409P
SD3319,BGPC000033410P
SD3320,BGPC000033411P
SD3321,BGPC000033412P
SD3322,BGPC000033413P
,BGPC000033414P
SD3324,BGPC000033415P
SD3325,BGPC000033416P
SD3326,BGPC000033417P
SD3327,BGPC000033418P
SD3328,BGPC000033419P
SD3329,BGPC000033420P
SD3330,BGPC000033421P
SD3331,BGPC000033422P
SD3332,BGPC000033423P
SD3333,BGPC000033424P
SD3334,BGPC000033589P
SD3335,BGPC000033590P
SD3336,BGPC000033591P
SD3337,BGPC000033592P
SD3338,BGPC000033593P
SD3339,BGPC000033594P
SD3340,BGPC000033595P
SD3341,BGPC000033596P
SD3342,BGPC000033597P
SD3343,BGPC000033598P
SD3344,BGPC000033599P
SD3345,BGPC000033600P
SD3346,BGPC000033601P
SD3347,BGPC000033602P
SD3348,BGPC000033603P
SD3349,BGPC000033604P
SD3350,BGPC000033605P
SD3351,BGPC000033606P
SD3352,BGPC000033607P
SD3353,BGPC000033608P
SD3354,BGPC000033609P
SD3355,BGPC000033610P
SD3356,BGPC000033611P
SD2540,CGPC000030154P
SD3357,CGPC000033531P
SD3358,CGPC000033532P
SD3359,CGPC000033533P
SD3360,CGPC000033534P
SD3361,CGPC000033535P
SD3362,CGPC000033536P
SD3363,CGPC000033537P
SD3364,CGPC000033538P
SD3365,BGPC000033885P
SD3366,BGPC000033886P
SD3367,BGPC000033887P
SD3368,BGPC000033888P
SD3369,BGPC000033889P
SD3370,BGPC000033890P
SD3371,BGPC000033891P
SD3372,BGPC000033891P
SD3373,BGPC000033893P
SD3374,BGPC000033894P
SD3388,BGPC000033663P
SD3389,BGPC000033664P
SD3390,BGPC000033665P
SD3391,BGPC000033666P
SD3392,BGPC000033667P
SD3393,CGPC000033706P
SD3394,CGPC000033876P
SD3395,CGPC000033877P
